Program Name,Noise Name,Thread Count,Repetition,Time (Seconds)
denoise_calendar_final_float,../noise.ppm,1,1,12.876619624999876
denoise_calendar_final_float,../noise.ppm,1,2,12.87510291000035
denoise_calendar_final_float,../noise.ppm,1,3,12.815338906000761
denoise_calendar_final_float,../noise.ppm,1,4,12.81315502400048
denoise_calendar_final_float,../noise.ppm,1,5,12.704613382000389
denoise_calendar_final_float,../noise.ppm,1,6,12.760907827000665
denoise_calendar_final_float,../noise.ppm,1,7,12.748281451999901
denoise_calendar_final_float,../noise.ppm,1,8,12.827434412000002
denoise_calendar_final_float,../noise.ppm,1,9,12.77520384699983
denoise_calendar_final_float,../noise.ppm,1,10,12.819907447000332
denoise_calendar_final_float,../noise.ppm,1,11,12.895475373999943
denoise_calendar_final_float,../noise.ppm,1,12,12.755236425000476
denoise_calendar_final_float,../noise.ppm,1,13,12.89215818699995
denoise_calendar_final_float,../noise.ppm,1,14,12.822724114000266
denoise_calendar_final_float,../noise.ppm,1,15,12.942425790000016
denoise_calendar_final_float,../noise.ppm,1,16,12.87740612899961
denoise_calendar_final_float,../noise.ppm,1,17,12.923937792999823
denoise_calendar_final_float,../noise.ppm,1,18,12.843912550999448
denoise_calendar_final_float,../noise.ppm,1,19,12.974972793999768
denoise_calendar_final_float,../noise.ppm,1,20,12.567624692000209
denoise_calendar_final_float,../noise.ppm,1,21,12.470017427999665
denoise_calendar_final_float,../noise.ppm,1,22,12.460944699999345
denoise_calendar_final_float,../noise.ppm,1,23,12.446967039999436
denoise_calendar_final_float,../noise.ppm,1,24,12.461253221999868
denoise_calendar_final_float,../noise.ppm,1,25,12.433889682999506
denoise_calendar_final_float,../noise.ppm,1,26,12.386828686999252
denoise_calendar_final_float,../noise.ppm,1,27,12.430440959999942
denoise_calendar_final_float,../noise.ppm,1,28,12.380438829999548
denoise_calendar_final_float,../noise.ppm,1,29,12.343893342000229
denoise_calendar_final_float,../noise.ppm,1,30,12.371747047000099
denoise_calendar_final_float,../noise.ppm,2,1,7.057751850000386
denoise_calendar_final_float,../noise.ppm,2,2,7.112093855999774
denoise_calendar_final_float,../noise.ppm,2,3,7.107867226000053
denoise_calendar_final_float,../noise.ppm,2,4,7.0934217129997705
denoise_calendar_final_float,../noise.ppm,2,5,7.11349288800011
denoise_calendar_final_float,../noise.ppm,2,6,7.102422154999658
denoise_calendar_final_float,../noise.ppm,2,7,7.160298124000292
denoise_calendar_final_float,../noise.ppm,2,8,7.159811542999705
denoise_calendar_final_float,../noise.ppm,2,9,7.145771290999619
denoise_calendar_final_float,../noise.ppm,2,10,7.131239892999474
denoise_calendar_final_float,../noise.ppm,2,11,7.142477288000009
denoise_calendar_final_float,../noise.ppm,2,12,7.147911817000022
denoise_calendar_final_float,../noise.ppm,2,13,7.123467206999521
denoise_calendar_final_float,../noise.ppm,2,14,7.139157831000375
denoise_calendar_final_float,../noise.ppm,2,15,7.166230609000195
denoise_calendar_final_float,../noise.ppm,2,16,7.179952514999968
denoise_calendar_final_float,../noise.ppm,2,17,7.177151535000121
denoise_calendar_final_float,../noise.ppm,2,18,7.156324509999649
denoise_calendar_final_float,../noise.ppm,2,19,7.1625168139999005
denoise_calendar_final_float,../noise.ppm,2,20,7.155300006000289
denoise_calendar_final_float,../noise.ppm,2,21,7.157997119000356
denoise_calendar_final_float,../noise.ppm,2,22,7.211824521999915
denoise_calendar_final_float,../noise.ppm,2,23,7.167531627999779
denoise_calendar_final_float,../noise.ppm,2,24,7.223440813999332
denoise_calendar_final_float,../noise.ppm,2,25,7.150095209999563
denoise_calendar_final_float,../noise.ppm,2,26,7.126686284999778
denoise_calendar_final_float,../noise.ppm,2,27,7.1367457700007435
denoise_calendar_final_float,../noise.ppm,2,28,7.159912453000288
denoise_calendar_final_float,../noise.ppm,2,29,7.1126649589996305
denoise_calendar_final_float,../noise.ppm,2,30,7.138643005999256
denoise_calendar_final_float,../noise.ppm,3,1,4.8602263030006725
denoise_calendar_final_float,../noise.ppm,3,2,4.823478066999996
denoise_calendar_final_float,../noise.ppm,3,3,4.818223228999159
denoise_calendar_final_float,../noise.ppm,3,4,4.8318553999997675
denoise_calendar_final_float,../noise.ppm,3,5,4.828353928999604
denoise_calendar_final_float,../noise.ppm,3,6,4.886715702999936
denoise_calendar_final_float,../noise.ppm,3,7,4.880582640000284
denoise_calendar_final_float,../noise.ppm,3,8,4.852113664999706
denoise_calendar_final_float,../noise.ppm,3,9,4.878197500999704
denoise_calendar_final_float,../noise.ppm,3,10,4.834796735999589
denoise_calendar_final_float,../noise.ppm,3,11,4.828238400999908
denoise_calendar_final_float,../noise.ppm,3,12,4.830481133999456
denoise_calendar_final_float,../noise.ppm,3,13,4.854815011000028
denoise_calendar_final_float,../noise.ppm,3,14,4.883747113000027
denoise_calendar_final_float,../noise.ppm,3,15,4.863380322000012
denoise_calendar_final_float,../noise.ppm,3,16,4.835552781999468
denoise_calendar_final_float,../noise.ppm,3,17,4.890723154000625
denoise_calendar_final_float,../noise.ppm,3,18,4.898145283000304
denoise_calendar_final_float,../noise.ppm,3,19,4.854140766000455
denoise_calendar_final_float,../noise.ppm,3,20,4.854766792000191
denoise_calendar_final_float,../noise.ppm,3,21,4.900369664000209
denoise_calendar_final_float,../noise.ppm,3,22,4.833373204000054
denoise_calendar_final_float,../noise.ppm,3,23,4.930741582000337
denoise_calendar_final_float,../noise.ppm,3,24,4.9006079359996875
denoise_calendar_final_float,../noise.ppm,3,25,4.842608343000393
denoise_calendar_final_float,../noise.ppm,3,26,4.88725653199981
denoise_calendar_final_float,../noise.ppm,3,27,4.846055781999894
denoise_calendar_final_float,../noise.ppm,3,28,4.856128630999592
denoise_calendar_final_float,../noise.ppm,3,29,4.846674185999291
denoise_calendar_final_float,../noise.ppm,3,30,4.924020215999917
denoise_calendar_final_float,../noise.ppm,4,1,3.8581914320002397
denoise_calendar_final_float,../noise.ppm,4,2,3.776100927000698
denoise_calendar_final_float,../noise.ppm,4,3,3.805016204999447
denoise_calendar_final_float,../noise.ppm,4,4,3.795718329999545
denoise_calendar_final_float,../noise.ppm,4,5,3.845389052000428
denoise_calendar_final_float,../noise.ppm,4,6,3.8999914280002486
denoise_calendar_final_float,../noise.ppm,4,7,3.8750224949999392
denoise_calendar_final_float,../noise.ppm,4,8,3.886315831000502
denoise_calendar_final_float,../noise.ppm,4,9,3.8427317270006824
denoise_calendar_final_float,../noise.ppm,4,10,3.80823515100019
denoise_calendar_final_float,../noise.ppm,4,11,3.8785515190002116
denoise_calendar_final_float,../noise.ppm,4,12,3.8656862699999692
denoise_calendar_final_float,../noise.ppm,4,13,3.8624418370000058
denoise_calendar_final_float,../noise.ppm,4,14,3.8665443289992254
denoise_calendar_final_float,../noise.ppm,4,15,3.9119329570003174
denoise_calendar_final_float,../noise.ppm,4,16,3.936999999999898
denoise_calendar_final_float,../noise.ppm,4,17,3.894394992999878
denoise_calendar_final_float,../noise.ppm,4,18,3.862515372999951
denoise_calendar_final_float,../noise.ppm,4,19,3.8492044410004382
denoise_calendar_final_float,../noise.ppm,4,20,3.8911793050001506
denoise_calendar_final_float,../noise.ppm,4,21,3.897134400000141
denoise_calendar_final_float,../noise.ppm,4,22,3.8781368250001833
denoise_calendar_final_float,../noise.ppm,4,23,3.8841470819997994
denoise_calendar_final_float,../noise.ppm,4,24,3.8993727289998787
denoise_calendar_final_float,../noise.ppm,4,25,3.856021198000235
denoise_calendar_final_float,../noise.ppm,4,26,3.877237726999738
denoise_calendar_final_float,../noise.ppm,4,27,3.8443245729995397
denoise_calendar_final_float,../noise.ppm,4,28,3.867690097999912
denoise_calendar_final_float,../noise.ppm,4,29,3.9300725740004054
denoise_calendar_final_float,../noise.ppm,4,30,3.8635726730008173
denoise_calendar_final_float,../noise.ppm,5,1,3.3684683789997507
denoise_calendar_final_float,../noise.ppm,5,2,3.2556228049998026
denoise_calendar_final_float,../noise.ppm,5,3,3.2348368849998224
denoise_calendar_final_float,../noise.ppm,5,4,3.2676269309995405
denoise_calendar_final_float,../noise.ppm,5,5,3.2879177060003713
denoise_calendar_final_float,../noise.ppm,5,6,3.247159883999302
denoise_calendar_final_float,../noise.ppm,5,7,3.24371450200033
denoise_calendar_final_float,../noise.ppm,5,8,3.3079069489995163
denoise_calendar_final_float,../noise.ppm,5,9,3.244189023999752
denoise_calendar_final_float,../noise.ppm,5,10,3.3094026380003925
denoise_calendar_final_float,../noise.ppm,5,11,3.250061578999521
denoise_calendar_final_float,../noise.ppm,5,12,3.2920660710005905
denoise_calendar_final_float,../noise.ppm,5,13,3.2203148560001864
denoise_calendar_final_float,../noise.ppm,5,14,3.2971481430004133
denoise_calendar_final_float,../noise.ppm,5,15,3.289682900000116
denoise_calendar_final_float,../noise.ppm,5,16,3.239480502000333
denoise_calendar_final_float,../noise.ppm,5,17,3.2448760219995165
denoise_calendar_final_float,../noise.ppm,5,18,3.2692305579994354
denoise_calendar_final_float,../noise.ppm,5,19,3.292268973999853
denoise_calendar_final_float,../noise.ppm,5,20,3.2465227379998396
denoise_calendar_final_float,../noise.ppm,5,21,3.2512075060003554
denoise_calendar_final_float,../noise.ppm,5,22,3.2880711819998396
denoise_calendar_final_float,../noise.ppm,5,23,3.229049696000402
denoise_calendar_final_float,../noise.ppm,5,24,3.244491874000232
denoise_calendar_final_float,../noise.ppm,5,25,3.3051346680003917
denoise_calendar_final_float,../noise.ppm,5,26,3.2690691769994373
denoise_calendar_final_float,../noise.ppm,5,27,3.2184499350005353
denoise_calendar_final_float,../noise.ppm,5,28,3.256026971999745
denoise_calendar_final_float,../noise.ppm,5,29,3.281460332000279
denoise_calendar_final_float,../noise.ppm,5,30,3.283980798999437
denoise_calendar_final_float,../noise.ppm,6,1,2.840809661000094
denoise_calendar_final_float,../noise.ppm,6,2,2.8307983489994513
denoise_calendar_final_float,../noise.ppm,6,3,2.81953287000033
denoise_calendar_final_float,../noise.ppm,6,4,2.8462612420007645
denoise_calendar_final_float,../noise.ppm,6,5,2.838298606000535
denoise_calendar_final_float,../noise.ppm,6,6,2.8390899669993814
denoise_calendar_final_float,../noise.ppm,6,7,2.8227157060000536
denoise_calendar_final_float,../noise.ppm,6,8,2.8558303809995778
denoise_calendar_final_float,../noise.ppm,6,9,2.8919510769992485
denoise_calendar_final_float,../noise.ppm,6,10,2.898885997000434
denoise_calendar_final_float,../noise.ppm,6,11,2.8701495539999087
denoise_calendar_final_float,../noise.ppm,6,12,2.8333310999996684
denoise_calendar_final_float,../noise.ppm,6,13,2.9223694500005877
denoise_calendar_final_float,../noise.ppm,6,14,2.8418975300000966
denoise_calendar_final_float,../noise.ppm,6,15,2.8777579840007093
denoise_calendar_final_float,../noise.ppm,6,16,2.9076104339992526
denoise_calendar_final_float,../noise.ppm,6,17,2.892708250000396
denoise_calendar_final_float,../noise.ppm,6,18,2.8794331260005492
denoise_calendar_final_float,../noise.ppm,6,19,2.848973942000157
denoise_calendar_final_float,../noise.ppm,6,20,2.8883208530005504
denoise_calendar_final_float,../noise.ppm,6,21,2.8769309210001666
denoise_calendar_final_float,../noise.ppm,6,22,2.9230073819999234
denoise_calendar_final_float,../noise.ppm,6,23,2.8605161120003686
denoise_calendar_final_float,../noise.ppm,6,24,2.842131553999934
denoise_calendar_final_float,../noise.ppm,6,25,2.9087205770001674
denoise_calendar_final_float,../noise.ppm,6,26,2.8634042479998243
denoise_calendar_final_float,../noise.ppm,6,27,2.848481023000204
denoise_calendar_final_float,../noise.ppm,6,28,2.8974810039999284
denoise_calendar_final_float,../noise.ppm,6,29,2.8714526459998524
denoise_calendar_final_float,../noise.ppm,6,30,2.8625748810000005
denoise_calendar_final_float,../noise.ppm,7,1,2.806621022999934
denoise_calendar_final_float,../noise.ppm,7,2,2.8155939919997763
denoise_calendar_final_float,../noise.ppm,7,3,2.7656760509999003
denoise_calendar_final_float,../noise.ppm,7,4,2.8248686820006697
denoise_calendar_final_float,../noise.ppm,7,5,2.7942980090001583
denoise_calendar_final_float,../noise.ppm,7,6,2.7935207040000023
denoise_calendar_final_float,../noise.ppm,7,7,2.776037105000796
denoise_calendar_final_float,../noise.ppm,7,8,2.8397173010007464
denoise_calendar_final_float,../noise.ppm,7,9,2.7979966559996683
denoise_calendar_final_float,../noise.ppm,7,10,2.875891282000339
denoise_calendar_final_float,../noise.ppm,7,11,2.797238178999578
denoise_calendar_final_float,../noise.ppm,7,12,2.797552564000398
denoise_calendar_final_float,../noise.ppm,7,13,2.83893989399985
denoise_calendar_final_float,../noise.ppm,7,14,2.792383504999634
denoise_calendar_final_float,../noise.ppm,7,15,2.7821810539999206
denoise_calendar_final_float,../noise.ppm,7,16,2.7746945479993883
denoise_calendar_final_float,../noise.ppm,7,17,2.8201545270003407
denoise_calendar_final_float,../noise.ppm,7,18,2.8472594670001854
denoise_calendar_final_float,../noise.ppm,7,19,2.7884396719991855
denoise_calendar_final_float,../noise.ppm,7,20,2.8192758870000034
denoise_calendar_final_float,../noise.ppm,7,21,2.7665312249991985
denoise_calendar_final_float,../noise.ppm,7,22,2.821270284000093
denoise_calendar_final_float,../noise.ppm,7,23,2.82048706400019
denoise_calendar_final_float,../noise.ppm,7,24,2.8081199449998167
denoise_calendar_final_float,../noise.ppm,7,25,2.8508222660002502
denoise_calendar_final_float,../noise.ppm,7,26,2.7919363870005327
denoise_calendar_final_float,../noise.ppm,7,27,2.8080653279994294
denoise_calendar_final_float,../noise.ppm,7,28,2.792079064999598
denoise_calendar_final_float,../noise.ppm,7,29,2.8252252709999084
denoise_calendar_final_float,../noise.ppm,7,30,2.7851170200001434
denoise_calendar_final_float,../noise.ppm,8,1,2.79372881099971
denoise_calendar_final_float,../noise.ppm,8,2,2.7490598780004802
denoise_calendar_final_float,../noise.ppm,8,3,2.778302905999226
denoise_calendar_final_float,../noise.ppm,8,4,2.732192899000438
denoise_calendar_final_float,../noise.ppm,8,5,2.7253839910008537
denoise_calendar_final_float,../noise.ppm,8,6,2.8009771260003617
denoise_calendar_final_float,../noise.ppm,8,7,2.742592349000006
denoise_calendar_final_float,../noise.ppm,8,8,2.775368687000082
denoise_calendar_final_float,../noise.ppm,8,9,2.7542228450001858
denoise_calendar_final_float,../noise.ppm,8,10,2.8193498900000122
denoise_calendar_final_float,../noise.ppm,8,11,2.7072974060001798
denoise_calendar_final_float,../noise.ppm,8,12,2.778685924000456
denoise_calendar_final_float,../noise.ppm,8,13,2.745877420999932
denoise_calendar_final_float,../noise.ppm,8,14,2.7443332140001075
denoise_calendar_final_float,../noise.ppm,8,15,2.8083225950003907
denoise_calendar_final_float,../noise.ppm,8,16,2.7013545449999583
denoise_calendar_final_float,../noise.ppm,8,17,2.771403994999673
denoise_calendar_final_float,../noise.ppm,8,18,2.730061122999359
denoise_calendar_final_float,../noise.ppm,8,19,2.729756594999344
denoise_calendar_final_float,../noise.ppm,8,20,2.7544708779996654
denoise_calendar_final_float,../noise.ppm,8,21,2.749599648000185
denoise_calendar_final_float,../noise.ppm,8,22,2.751577050999913
denoise_calendar_final_float,../noise.ppm,8,23,2.753218179000214
denoise_calendar_final_float,../noise.ppm,8,24,2.7240296239997406
denoise_calendar_final_float,../noise.ppm,8,25,2.7379649440008507
denoise_calendar_final_float,../noise.ppm,8,26,2.789296531999753
denoise_calendar_final_float,../noise.ppm,8,27,2.760406764000436
denoise_calendar_final_float,../noise.ppm,8,28,2.765503519000049
denoise_calendar_final_float,../noise.ppm,8,29,2.7591155639993303
denoise_calendar_final_float,../noise.ppm,8,30,2.7543644699999277
denoise_calendar_final_float,../noise.ppm,9,1,2.7038925659999222
denoise_calendar_final_float,../noise.ppm,9,2,2.694570437999573
denoise_calendar_final_float,../noise.ppm,9,3,2.6937966260002213
denoise_calendar_final_float,../noise.ppm,9,4,2.780945306999456
denoise_calendar_final_float,../noise.ppm,9,5,2.7000260840004557
denoise_calendar_final_float,../noise.ppm,9,6,2.727082508999956
denoise_calendar_final_float,../noise.ppm,9,7,2.7035294980005347
denoise_calendar_final_float,../noise.ppm,9,8,2.672940176999873
denoise_calendar_final_float,../noise.ppm,9,9,2.7477251239997713
denoise_calendar_final_float,../noise.ppm,9,10,2.6479859069995655
denoise_calendar_final_float,../noise.ppm,9,11,2.6745001760000378
denoise_calendar_final_float,../noise.ppm,9,12,2.6837913660001504
denoise_calendar_final_float,../noise.ppm,9,13,2.721637271999498
denoise_calendar_final_float,../noise.ppm,9,14,2.7204053929999645
denoise_calendar_final_float,../noise.ppm,9,15,2.742533048999576
denoise_calendar_final_float,../noise.ppm,9,16,2.733859298000425
denoise_calendar_final_float,../noise.ppm,9,17,2.6673077159994136
denoise_calendar_final_float,../noise.ppm,9,18,2.6997567580001487
denoise_calendar_final_float,../noise.ppm,9,19,2.657758899000328
denoise_calendar_final_float,../noise.ppm,9,20,2.63156917500055
denoise_calendar_final_float,../noise.ppm,9,21,2.7072731730004307
denoise_calendar_final_float,../noise.ppm,9,22,2.6410130079993905
denoise_calendar_final_float,../noise.ppm,9,23,2.698280034999698
denoise_calendar_final_float,../noise.ppm,9,24,2.7165370929997152
denoise_calendar_final_float,../noise.ppm,9,25,2.70315477099939
denoise_calendar_final_float,../noise.ppm,9,26,2.6993433710003956
denoise_calendar_final_float,../noise.ppm,9,27,2.6894116560006296
denoise_calendar_final_float,../noise.ppm,9,28,2.776709837999988
denoise_calendar_final_float,../noise.ppm,9,29,2.667725846000394
denoise_calendar_final_float,../noise.ppm,9,30,2.723569595000299
denoise_calendar_final_float,../noise.ppm,10,1,2.6253968679993704
denoise_calendar_final_float,../noise.ppm,10,2,2.6097510160007005
denoise_calendar_final_float,../noise.ppm,10,3,2.623812738000197
denoise_calendar_final_float,../noise.ppm,10,4,2.6242867629998727
denoise_calendar_final_float,../noise.ppm,10,5,2.662947755999994
denoise_calendar_final_float,../noise.ppm,10,6,2.6451369400001568
denoise_calendar_final_float,../noise.ppm,10,7,2.594078694000018
denoise_calendar_final_float,../noise.ppm,10,8,2.6691153230003692
denoise_calendar_final_float,../noise.ppm,10,9,2.6575795929993546
denoise_calendar_final_float,../noise.ppm,10,10,2.6208501649998652
denoise_calendar_final_float,../noise.ppm,10,11,2.65147681200051
denoise_calendar_final_float,../noise.ppm,10,12,2.6350560230002884
denoise_calendar_final_float,../noise.ppm,10,13,2.65132154299954
denoise_calendar_final_float,../noise.ppm,10,14,2.622822064000502
denoise_calendar_final_float,../noise.ppm,10,15,2.6221735380004247
denoise_calendar_final_float,../noise.ppm,10,16,2.591283484000087
denoise_calendar_final_float,../noise.ppm,10,17,2.6095487080001476
denoise_calendar_final_float,../noise.ppm,10,18,2.663004777000424
denoise_calendar_final_float,../noise.ppm,10,19,2.6503735080004844
denoise_calendar_final_float,../noise.ppm,10,20,2.7298255710002195
denoise_calendar_final_float,../noise.ppm,10,21,2.6812710920003155
denoise_calendar_final_float,../noise.ppm,10,22,2.681798487999913
denoise_calendar_final_float,../noise.ppm,10,23,2.6881165189997773
denoise_calendar_final_float,../noise.ppm,10,24,2.6609486489996925
denoise_calendar_final_float,../noise.ppm,10,25,2.590727044999767
denoise_calendar_final_float,../noise.ppm,10,26,2.6577789829998437
denoise_calendar_final_float,../noise.ppm,10,27,2.6043828549991304
denoise_calendar_final_float,../noise.ppm,10,28,2.617865721000271
denoise_calendar_final_float,../noise.ppm,10,29,2.6521665820000635
denoise_calendar_final_float,../noise.ppm,10,30,2.6278372770002534
denoise_calendar_final_float,../noise.ppm,11,1,2.6435688440005833
denoise_calendar_final_float,../noise.ppm,11,2,2.5620441139999457
denoise_calendar_final_float,../noise.ppm,11,3,2.547377109000081
denoise_calendar_final_float,../noise.ppm,11,4,2.5843283170006544
denoise_calendar_final_float,../noise.ppm,11,5,2.5791128019991447
denoise_calendar_final_float,../noise.ppm,11,6,2.663260753999566
denoise_calendar_final_float,../noise.ppm,11,7,2.6006680089994916
denoise_calendar_final_float,../noise.ppm,11,8,2.5843300289998297
denoise_calendar_final_float,../noise.ppm,11,9,2.5779499480004233
denoise_calendar_final_float,../noise.ppm,11,10,2.58131047400002
denoise_calendar_final_float,../noise.ppm,11,11,2.5780592429991884
denoise_calendar_final_float,../noise.ppm,11,12,2.5907512829999177
denoise_calendar_final_float,../noise.ppm,11,13,2.5835027210005137
denoise_calendar_final_float,../noise.ppm,11,14,2.6072775439997713
denoise_calendar_final_float,../noise.ppm,11,15,2.6491326590003155
denoise_calendar_final_float,../noise.ppm,11,16,2.545137455999793
denoise_calendar_final_float,../noise.ppm,11,17,2.6113626059996022
denoise_calendar_final_float,../noise.ppm,11,18,2.5546228340008383
denoise_calendar_final_float,../noise.ppm,11,19,2.5890710350004156
denoise_calendar_final_float,../noise.ppm,11,20,2.6083793600000718
denoise_calendar_final_float,../noise.ppm,11,21,2.5582344679996822
denoise_calendar_final_float,../noise.ppm,11,22,2.5565518009998414
denoise_calendar_final_float,../noise.ppm,11,23,2.5527549789994737
denoise_calendar_final_float,../noise.ppm,11,24,2.6238250340002196
denoise_calendar_final_float,../noise.ppm,11,25,2.6348477890005597
denoise_calendar_final_float,../noise.ppm,11,26,2.5532958079993477
denoise_calendar_final_float,../noise.ppm,11,27,2.6202344290004476
denoise_calendar_final_float,../noise.ppm,11,28,2.6193612870001743
denoise_calendar_final_float,../noise.ppm,11,29,2.576182824999705
denoise_calendar_final_float,../noise.ppm,11,30,2.6018657309996343
denoise_calendar_final_float,../noise.ppm,12,1,2.5582494259997475
denoise_calendar_final_float,../noise.ppm,12,2,2.5219358560007095
denoise_calendar_final_float,../noise.ppm,12,3,2.6357661059992097
denoise_calendar_final_float,../noise.ppm,12,4,2.521344522999243
denoise_calendar_final_float,../noise.ppm,12,5,2.5301821570001266
denoise_calendar_final_float,../noise.ppm,12,6,2.504907264000394
denoise_calendar_final_float,../noise.ppm,12,7,2.5136909270004253
denoise_calendar_final_float,../noise.ppm,12,8,2.5797644779995608
denoise_calendar_final_float,../noise.ppm,12,9,2.568315270000312
denoise_calendar_final_float,../noise.ppm,12,10,2.5437623770003484
denoise_calendar_final_float,../noise.ppm,12,11,2.5268688529995416
denoise_calendar_final_float,../noise.ppm,12,12,2.5568277550000857
denoise_calendar_final_float,../noise.ppm,12,13,2.526801338000041
denoise_calendar_final_float,../noise.ppm,12,14,2.529537333999542
denoise_calendar_final_float,../noise.ppm,12,15,2.5238317060002373
denoise_calendar_final_float,../noise.ppm,12,16,2.5481354720004674
denoise_calendar_final_float,../noise.ppm,12,17,2.5239995129995805
denoise_calendar_final_float,../noise.ppm,12,18,2.539794866000193
denoise_calendar_final_float,../noise.ppm,12,19,2.536813347000134
denoise_calendar_final_float,../noise.ppm,12,20,2.52805628599981
denoise_calendar_final_float,../noise.ppm,12,21,2.5163038399996367
denoise_calendar_final_float,../noise.ppm,12,22,2.4963144479997936
denoise_calendar_final_float,../noise.ppm,12,23,2.583783496000251
denoise_calendar_final_float,../noise.ppm,12,24,2.516599481999947
denoise_calendar_final_float,../noise.ppm,12,25,2.5275825290000284
denoise_calendar_final_float,../noise.ppm,12,26,2.5321498450002764
denoise_calendar_final_float,../noise.ppm,12,27,2.51764897799967
denoise_calendar_final_float,../noise.ppm,12,28,2.5271029180003097
denoise_calendar_final_float,../noise.ppm,12,29,2.5220807260002402
denoise_calendar_final_float,../noise.ppm,12,30,2.6220569769993745
denoise_calendar_final_float,../noise.ppm,13,1,2.6006432529993617
denoise_calendar_final_float,../noise.ppm,13,2,2.5741864889996577
denoise_calendar_final_float,../noise.ppm,13,3,2.5441693719994873
denoise_calendar_final_float,../noise.ppm,13,4,2.507376001999546
denoise_calendar_final_float,../noise.ppm,13,5,2.61817381200035
denoise_calendar_final_float,../noise.ppm,13,6,2.6109326019995933
denoise_calendar_final_float,../noise.ppm,13,7,2.5766396500002884
denoise_calendar_final_float,../noise.ppm,13,8,2.5648760430003676
denoise_calendar_final_float,../noise.ppm,13,9,2.5297227479995854
denoise_calendar_final_float,../noise.ppm,13,10,2.563605534999624
denoise_calendar_final_float,../noise.ppm,13,11,2.521191122000346
denoise_calendar_final_float,../noise.ppm,13,12,2.5698406769997746
denoise_calendar_final_float,../noise.ppm,13,13,2.60909445300058
denoise_calendar_final_float,../noise.ppm,13,14,2.606571186999645
denoise_calendar_final_float,../noise.ppm,13,15,2.5621662389994526
denoise_calendar_final_float,../noise.ppm,13,16,2.5522854450000523
denoise_calendar_final_float,../noise.ppm,13,17,2.574194252999405
denoise_calendar_final_float,../noise.ppm,13,18,2.538513721999152
denoise_calendar_final_float,../noise.ppm,13,19,2.5353504790000443
denoise_calendar_final_float,../noise.ppm,13,20,2.5446345860000292
denoise_calendar_final_float,../noise.ppm,13,21,2.5595054109999182
denoise_calendar_final_float,../noise.ppm,13,22,2.5456228510001893
denoise_calendar_final_float,../noise.ppm,13,23,2.564135947000068
denoise_calendar_final_float,../noise.ppm,13,24,2.572521075999248
denoise_calendar_final_float,../noise.ppm,13,25,2.511308690000078
denoise_calendar_final_float,../noise.ppm,13,26,2.540067278000606
denoise_calendar_final_float,../noise.ppm,13,27,2.5553684269998485
denoise_calendar_final_float,../noise.ppm,13,28,2.510049704999801
denoise_calendar_final_float,../noise.ppm,13,29,2.5641548169996895
denoise_calendar_final_float,../noise.ppm,13,30,2.5709355810004126
denoise_calendar_final_float,../noise.ppm,14,1,2.586485005999748
denoise_calendar_final_float,../noise.ppm,14,2,2.559626893999848
denoise_calendar_final_float,../noise.ppm,14,3,2.5958884609999586
denoise_calendar_final_float,../noise.ppm,14,4,2.593595326000468
denoise_calendar_final_float,../noise.ppm,14,5,2.5560021390001566
denoise_calendar_final_float,../noise.ppm,14,6,2.5335794630000237
denoise_calendar_final_float,../noise.ppm,14,7,2.6336526710001635
denoise_calendar_final_float,../noise.ppm,14,8,2.5832508729999972
denoise_calendar_final_float,../noise.ppm,14,9,2.51747104199967
denoise_calendar_final_float,../noise.ppm,14,10,2.5935044630004995
denoise_calendar_final_float,../noise.ppm,14,11,2.5237476789998254
denoise_calendar_final_float,../noise.ppm,14,12,2.5445400650005467
denoise_calendar_final_float,../noise.ppm,14,13,2.558199144000355
denoise_calendar_final_float,../noise.ppm,14,14,2.5967263590000584
denoise_calendar_final_float,../noise.ppm,14,15,2.60353515999941
denoise_calendar_final_float,../noise.ppm,14,16,2.5307415489996856
denoise_calendar_final_float,../noise.ppm,14,17,2.591157216999818
denoise_calendar_final_float,../noise.ppm,14,18,2.601762804999453
denoise_calendar_final_float,../noise.ppm,14,19,2.5808419489994776
denoise_calendar_final_float,../noise.ppm,14,20,2.502698092999708
denoise_calendar_final_float,../noise.ppm,14,21,2.590643707999334
denoise_calendar_final_float,../noise.ppm,14,22,2.5075919290002275
denoise_calendar_final_float,../noise.ppm,14,23,2.5877869819996704
denoise_calendar_final_float,../noise.ppm,14,24,2.531420679999428
denoise_calendar_final_float,../noise.ppm,14,25,2.5475364430003538
denoise_calendar_final_float,../noise.ppm,14,26,2.5598838500000056
denoise_calendar_final_float,../noise.ppm,14,27,2.5733954479992462
denoise_calendar_final_float,../noise.ppm,14,28,2.550961467999514
denoise_calendar_final_float,../noise.ppm,14,29,2.5419451560001107
denoise_calendar_final_float,../noise.ppm,14,30,2.5724985309998374
denoise_calendar_final_float,../noise.ppm,15,1,2.5594590950004203
denoise_calendar_final_float,../noise.ppm,15,2,2.5596002050006064
denoise_calendar_final_float,../noise.ppm,15,3,2.5189539050006715
denoise_calendar_final_float,../noise.ppm,15,4,2.5323071620005067
denoise_calendar_final_float,../noise.ppm,15,5,2.5255826829998114
denoise_calendar_final_float,../noise.ppm,15,6,2.5087113810004666
denoise_calendar_final_float,../noise.ppm,15,7,2.5470157390000168
denoise_calendar_final_float,../noise.ppm,15,8,2.5485384319999866
denoise_calendar_final_float,../noise.ppm,15,9,2.5202215029994477
denoise_calendar_final_float,../noise.ppm,15,10,2.54100185399966
denoise_calendar_final_float,../noise.ppm,15,11,2.5646034360006524
denoise_calendar_final_float,../noise.ppm,15,12,2.5490398960000675
denoise_calendar_final_float,../noise.ppm,15,13,2.5666187690003426
denoise_calendar_final_float,../noise.ppm,15,14,2.542365342999801
denoise_calendar_final_float,../noise.ppm,15,15,2.579358914000295
denoise_calendar_final_float,../noise.ppm,15,16,2.5345662929994432
denoise_calendar_final_float,../noise.ppm,15,17,2.5787709240003096
denoise_calendar_final_float,../noise.ppm,15,18,2.5308146050001596
denoise_calendar_final_float,../noise.ppm,15,19,2.5607905229999233
denoise_calendar_final_float,../noise.ppm,15,20,2.5031212020003295
denoise_calendar_final_float,../noise.ppm,15,21,2.6334870359996785
denoise_calendar_final_float,../noise.ppm,15,22,2.5747699089997695
denoise_calendar_final_float,../noise.ppm,15,23,2.5597229169998172
denoise_calendar_final_float,../noise.ppm,15,24,2.5706741469994085
denoise_calendar_final_float,../noise.ppm,15,25,2.56267576800019
denoise_calendar_final_float,../noise.ppm,15,26,2.5456346090004445
denoise_calendar_final_float,../noise.ppm,15,27,2.5469123530001525
denoise_calendar_final_float,../noise.ppm,15,28,2.5357854049998423
denoise_calendar_final_float,../noise.ppm,15,29,2.596219901999575
denoise_calendar_final_float,../noise.ppm,15,30,2.5695320320000974
denoise_calendar_final_float,../noise.ppm,16,1,2.63041032000001
denoise_calendar_final_float,../noise.ppm,16,2,2.497777724000116
denoise_calendar_final_float,../noise.ppm,16,3,2.542318509999859
denoise_calendar_final_float,../noise.ppm,16,4,2.510032567000053
denoise_calendar_final_float,../noise.ppm,16,5,2.5551178570003685
denoise_calendar_final_float,../noise.ppm,16,6,2.5890539930005616
denoise_calendar_final_float,../noise.ppm,16,7,2.5286730380003064
denoise_calendar_final_float,../noise.ppm,16,8,2.5752705969998715
denoise_calendar_final_float,../noise.ppm,16,9,2.5539282420004383
denoise_calendar_final_float,../noise.ppm,16,10,2.5114852990000145
denoise_calendar_final_float,../noise.ppm,16,11,2.6147367620005753
denoise_calendar_final_float,../noise.ppm,16,12,2.512420795000253
denoise_calendar_final_float,../noise.ppm,16,13,2.5514388159999726
denoise_calendar_final_float,../noise.ppm,16,14,2.5501133460002166
denoise_calendar_final_float,../noise.ppm,16,15,2.5707840619998024
denoise_calendar_final_float,../noise.ppm,16,16,2.531341799999609
denoise_calendar_final_float,../noise.ppm,16,17,2.6044466230005128
denoise_calendar_final_float,../noise.ppm,16,18,2.5210086659999433
denoise_calendar_final_float,../noise.ppm,16,19,2.551489206000042
denoise_calendar_final_float,../noise.ppm,16,20,2.5546736649994273
denoise_calendar_final_float,../noise.ppm,16,21,2.54243834800036
denoise_calendar_final_float,../noise.ppm,16,22,2.519750278000174
denoise_calendar_final_float,../noise.ppm,16,23,2.626028860000588
denoise_calendar_final_float,../noise.ppm,16,24,2.533847509000225
denoise_calendar_final_float,../noise.ppm,16,25,2.5532124530000146
denoise_calendar_final_float,../noise.ppm,16,26,2.517080372000237
denoise_calendar_final_float,../noise.ppm,16,27,2.5545842289993743
denoise_calendar_final_float,../noise.ppm,16,28,2.5620792699992307
denoise_calendar_final_float,../noise.ppm,16,29,2.5274300319997565
denoise_calendar_final_float,../noise.ppm,16,30,2.5575966639999024
denoise_calendar_final,../noise.ppm,1,1,12.944113036999624
denoise_calendar_final,../noise.ppm,1,2,12.999898254998698
denoise_calendar_final,../noise.ppm,1,3,12.967125226999997
denoise_calendar_final,../noise.ppm,1,4,13.010967752999932
denoise_calendar_final,../noise.ppm,1,5,13.135330790999433
denoise_calendar_final,../noise.ppm,1,6,12.994699052000215
denoise_calendar_final,../noise.ppm,1,7,13.009227397998984
denoise_calendar_final,../noise.ppm,1,8,13.021008220001022
denoise_calendar_final,../noise.ppm,1,9,12.968914204000612
denoise_calendar_final,../noise.ppm,1,10,13.272653529000308
denoise_calendar_final,../noise.ppm,1,11,13.06776754099883
denoise_calendar_final,../noise.ppm,1,12,12.75684923299923
denoise_calendar_final,../noise.ppm,1,13,12.603769303999798
denoise_calendar_final,../noise.ppm,1,14,12.65162760000021
denoise_calendar_final,../noise.ppm,1,15,12.614429016999566
denoise_calendar_final,../noise.ppm,1,16,12.589656871999978
denoise_calendar_final,../noise.ppm,1,17,12.518611114999658
denoise_calendar_final,../noise.ppm,1,18,12.51778773300066
denoise_calendar_final,../noise.ppm,1,19,12.631295446000877
denoise_calendar_final,../noise.ppm,1,20,12.677184521000527
denoise_calendar_final,../noise.ppm,1,21,12.563554796000972
denoise_calendar_final,../noise.ppm,1,22,12.562603972999568
denoise_calendar_final,../noise.ppm,1,23,12.522461300000941
denoise_calendar_final,../noise.ppm,1,24,12.516829682001116
denoise_calendar_final,../noise.ppm,1,25,12.57248474699918
denoise_calendar_final,../noise.ppm,1,26,12.490371784000672
denoise_calendar_final,../noise.ppm,1,27,12.55094698999892
denoise_calendar_final,../noise.ppm,1,28,12.499512289999984
denoise_calendar_final,../noise.ppm,1,29,12.559601175000353
denoise_calendar_final,../noise.ppm,1,30,12.595261021000624
denoise_calendar_final,../noise.ppm,2,1,6.749557847000688
denoise_calendar_final,../noise.ppm,2,2,6.742818885999441
denoise_calendar_final,../noise.ppm,2,3,6.786300278999988
denoise_calendar_final,../noise.ppm,2,4,6.780983265000032
denoise_calendar_final,../noise.ppm,2,5,6.779835274001016
denoise_calendar_final,../noise.ppm,2,6,6.772534493999046
denoise_calendar_final,../noise.ppm,2,7,6.782396284001152
denoise_calendar_final,../noise.ppm,2,8,6.81553739499941
denoise_calendar_final,../noise.ppm,2,9,6.867102997999609
denoise_calendar_final,../noise.ppm,2,10,6.802156163999825
denoise_calendar_final,../noise.ppm,2,11,6.807696453999597
denoise_calendar_final,../noise.ppm,2,12,6.780706417999681
denoise_calendar_final,../noise.ppm,2,13,6.824439901000005
denoise_calendar_final,../noise.ppm,2,14,6.815739771000153
denoise_calendar_final,../noise.ppm,2,15,6.802002328999151
denoise_calendar_final,../noise.ppm,2,16,6.868794367999726
denoise_calendar_final,../noise.ppm,2,17,6.955858018000072
denoise_calendar_final,../noise.ppm,2,18,7.05434435800089
denoise_calendar_final,../noise.ppm,2,19,7.052131267999357
denoise_calendar_final,../noise.ppm,2,20,6.899763774999883
denoise_calendar_final,../noise.ppm,2,21,6.865071652999177
denoise_calendar_final,../noise.ppm,2,22,6.903200979000758
denoise_calendar_final,../noise.ppm,2,23,6.909121773998777
denoise_calendar_final,../noise.ppm,2,24,6.8884125699987635
denoise_calendar_final,../noise.ppm,2,25,6.898985342999367
denoise_calendar_final,../noise.ppm,2,26,6.842689279999831
denoise_calendar_final,../noise.ppm,2,27,6.887633554999411
denoise_calendar_final,../noise.ppm,2,28,7.05689608099965
denoise_calendar_final,../noise.ppm,2,29,7.114601972998571
denoise_calendar_final,../noise.ppm,2,30,7.078325983999093
denoise_calendar_final,../noise.ppm,3,1,4.87254190800013
denoise_calendar_final,../noise.ppm,3,2,4.736056891999397
denoise_calendar_final,../noise.ppm,3,3,4.728167372999451
denoise_calendar_final,../noise.ppm,3,4,4.730752830999336
denoise_calendar_final,../noise.ppm,3,5,4.768722434000665
denoise_calendar_final,../noise.ppm,3,6,4.751466202000302
denoise_calendar_final,../noise.ppm,3,7,4.9353508000003785
denoise_calendar_final,../noise.ppm,3,8,4.933891919999951
denoise_calendar_final,../noise.ppm,3,9,4.94205092500124
denoise_calendar_final,../noise.ppm,3,10,5.110861660999944
denoise_calendar_final,../noise.ppm,3,11,5.008937511998738
denoise_calendar_final,../noise.ppm,3,12,5.129174440000497
denoise_calendar_final,../noise.ppm,3,13,4.931770188000883
denoise_calendar_final,../noise.ppm,3,14,5.073806732001685
denoise_calendar_final,../noise.ppm,3,15,5.065872818000571
denoise_calendar_final,../noise.ppm,3,16,4.882745712000542
denoise_calendar_final,../noise.ppm,3,17,5.0977479409993975
denoise_calendar_final,../noise.ppm,3,18,4.909865814001023
denoise_calendar_final,../noise.ppm,3,19,4.891805135999675
denoise_calendar_final,../noise.ppm,3,20,4.9944622950006305
denoise_calendar_final,../noise.ppm,3,21,4.908763748999263
denoise_calendar_final,../noise.ppm,3,22,4.901032903999294
denoise_calendar_final,../noise.ppm,3,23,5.179474205999213
denoise_calendar_final,../noise.ppm,3,24,5.062883560000046
denoise_calendar_final,../noise.ppm,3,25,4.9985434350001015
denoise_calendar_final,../noise.ppm,3,26,5.031287383000745
denoise_calendar_final,../noise.ppm,3,27,5.028655183999945
denoise_calendar_final,../noise.ppm,3,28,5.067979974000991
denoise_calendar_final,../noise.ppm,3,29,5.145551894998789
denoise_calendar_final,../noise.ppm,3,30,4.950010811999164
denoise_calendar_final,../noise.ppm,4,1,3.9102879660003964
denoise_calendar_final,../noise.ppm,4,2,3.99201893999998
denoise_calendar_final,../noise.ppm,4,3,3.7763587870013
denoise_calendar_final,../noise.ppm,4,4,4.001743529999658
denoise_calendar_final,../noise.ppm,4,5,3.851937743000235
denoise_calendar_final,../noise.ppm,4,6,3.94137610100006
denoise_calendar_final,../noise.ppm,4,7,3.9096449240005313
denoise_calendar_final,../noise.ppm,4,8,3.9668303840007866
denoise_calendar_final,../noise.ppm,4,9,4.020292871999118
denoise_calendar_final,../noise.ppm,4,10,3.9927934689985705
denoise_calendar_final,../noise.ppm,4,11,3.892312669999228
denoise_calendar_final,../noise.ppm,4,12,3.971651831001509
denoise_calendar_final,../noise.ppm,4,13,3.8400893270008964
denoise_calendar_final,../noise.ppm,4,14,3.826081320999947
denoise_calendar_final,../noise.ppm,4,15,3.718950282998776
denoise_calendar_final,../noise.ppm,4,16,3.7596964750009647
denoise_calendar_final,../noise.ppm,4,17,3.7527571840000746
denoise_calendar_final,../noise.ppm,4,18,3.692312777000552
denoise_calendar_final,../noise.ppm,4,19,3.779700548000619
denoise_calendar_final,../noise.ppm,4,20,3.740968094998607
denoise_calendar_final,../noise.ppm,4,21,3.7346646070000133
denoise_calendar_final,../noise.ppm,4,22,3.6791875069993694
denoise_calendar_final,../noise.ppm,4,23,3.689879817999099
denoise_calendar_final,../noise.ppm,4,24,3.702037854000082
denoise_calendar_final,../noise.ppm,4,25,3.787625029000992
denoise_calendar_final,../noise.ppm,4,26,3.759826253999563
denoise_calendar_final,../noise.ppm,4,27,3.763063508999039
denoise_calendar_final,../noise.ppm,4,28,3.70473870800015
denoise_calendar_final,../noise.ppm,4,29,3.710056228999747
denoise_calendar_final,../noise.ppm,4,30,3.7340659109995613
denoise_calendar_final,../noise.ppm,5,1,3.185790227000325
denoise_calendar_final,../noise.ppm,5,2,3.1346822870000324
denoise_calendar_final,../noise.ppm,5,3,3.1472609619995637
denoise_calendar_final,../noise.ppm,5,4,3.186468858999433
denoise_calendar_final,../noise.ppm,5,5,3.1503216500004783
denoise_calendar_final,../noise.ppm,5,6,3.1999850629999855
denoise_calendar_final,../noise.ppm,5,7,3.151370629999292
denoise_calendar_final,../noise.ppm,5,8,3.1780430959988735
denoise_calendar_final,../noise.ppm,5,9,3.2119838159997016
denoise_calendar_final,../noise.ppm,5,10,3.1311886640014563
denoise_calendar_final,../noise.ppm,5,11,3.155092020000666
denoise_calendar_final,../noise.ppm,5,12,3.16632952800137
denoise_calendar_final,../noise.ppm,5,13,3.1320572839995293
denoise_calendar_final,../noise.ppm,5,14,3.2271433850000903
denoise_calendar_final,../noise.ppm,5,15,3.2003232830011257
denoise_calendar_final,../noise.ppm,5,16,3.1574013600002218
denoise_calendar_final,../noise.ppm,5,17,3.182609636000052
denoise_calendar_final,../noise.ppm,5,18,3.1849319619996095
denoise_calendar_final,../noise.ppm,5,19,3.1324484840006335
denoise_calendar_final,../noise.ppm,5,20,3.1558033319997776
denoise_calendar_final,../noise.ppm,5,21,3.1418717489996197
denoise_calendar_final,../noise.ppm,5,22,3.182044954999583
denoise_calendar_final,../noise.ppm,5,23,3.1886145180014864
denoise_calendar_final,../noise.ppm,5,24,3.1473215259993594
denoise_calendar_final,../noise.ppm,5,25,3.167873029000475
denoise_calendar_final,../noise.ppm,5,26,3.138050622999799
denoise_calendar_final,../noise.ppm,5,27,3.141631841999697
denoise_calendar_final,../noise.ppm,5,28,3.1561383949992887
denoise_calendar_final,../noise.ppm,5,29,3.1647553200000402
denoise_calendar_final,../noise.ppm,5,30,3.1952995030005695
denoise_calendar_final,../noise.ppm,6,1,2.7668139940014953
denoise_calendar_final,../noise.ppm,6,2,2.7897713460006344
denoise_calendar_final,../noise.ppm,6,3,2.7179392159996496
denoise_calendar_final,../noise.ppm,6,4,2.7170257100005983
denoise_calendar_final,../noise.ppm,6,5,2.776921738000965
denoise_calendar_final,../noise.ppm,6,6,2.8116163609993237
denoise_calendar_final,../noise.ppm,6,7,2.902488579000419
denoise_calendar_final,../noise.ppm,6,8,2.7758127760007483
denoise_calendar_final,../noise.ppm,6,9,2.9362974850009778
denoise_calendar_final,../noise.ppm,6,10,2.7762010700007522
denoise_calendar_final,../noise.ppm,6,11,2.747296555999128
denoise_calendar_final,../noise.ppm,6,12,2.744310524998582
denoise_calendar_final,../noise.ppm,6,13,2.7709261770014564
denoise_calendar_final,../noise.ppm,6,14,2.748329422000097
denoise_calendar_final,../noise.ppm,6,15,2.8378201550003723
denoise_calendar_final,../noise.ppm,6,16,2.7476267219990405
denoise_calendar_final,../noise.ppm,6,17,2.7810580040004425
denoise_calendar_final,../noise.ppm,6,18,2.7602632739999535
denoise_calendar_final,../noise.ppm,6,19,2.742800449999777
denoise_calendar_final,../noise.ppm,6,20,2.760278368001309
denoise_calendar_final,../noise.ppm,6,21,2.7789014219997625
denoise_calendar_final,../noise.ppm,6,22,2.7835202520000166
denoise_calendar_final,../noise.ppm,6,23,2.779294055000719
denoise_calendar_final,../noise.ppm,6,24,2.7431070229995385
denoise_calendar_final,../noise.ppm,6,25,2.7856931450005504
denoise_calendar_final,../noise.ppm,6,26,2.7490042769986758
denoise_calendar_final,../noise.ppm,6,27,2.769323276999785
denoise_calendar_final,../noise.ppm,6,28,2.829834760999802
denoise_calendar_final,../noise.ppm,6,29,2.8530846199992084
denoise_calendar_final,../noise.ppm,6,30,2.8905544670014933
denoise_calendar_final,../noise.ppm,7,1,2.8491533890010032
denoise_calendar_final,../noise.ppm,7,2,2.8134419360012544
denoise_calendar_final,../noise.ppm,7,3,2.7907953840003756
denoise_calendar_final,../noise.ppm,7,4,2.7375066570002673
denoise_calendar_final,../noise.ppm,7,5,2.825357919000453
denoise_calendar_final,../noise.ppm,7,6,2.755877502000658
denoise_calendar_final,../noise.ppm,7,7,2.830708889001471
denoise_calendar_final,../noise.ppm,7,8,2.8756589200002054
denoise_calendar_final,../noise.ppm,7,9,2.688529760000165
denoise_calendar_final,../noise.ppm,7,10,2.717501920998984
denoise_calendar_final,../noise.ppm,7,11,2.6734729340005288
denoise_calendar_final,../noise.ppm,7,12,2.7503032940003322
denoise_calendar_final,../noise.ppm,7,13,2.667101056998945
denoise_calendar_final,../noise.ppm,7,14,2.702654819999225
denoise_calendar_final,../noise.ppm,7,15,2.689359449999756
denoise_calendar_final,../noise.ppm,7,16,2.7235531139995146
denoise_calendar_final,../noise.ppm,7,17,2.7604814800015447
denoise_calendar_final,../noise.ppm,7,18,2.6503383529998246
denoise_calendar_final,../noise.ppm,7,19,2.672148924000794
denoise_calendar_final,../noise.ppm,7,20,2.705830748000153
denoise_calendar_final,../noise.ppm,7,21,2.757017279000138
denoise_calendar_final,../noise.ppm,7,22,2.704837976998533
denoise_calendar_final,../noise.ppm,7,23,2.831702626999686
denoise_calendar_final,../noise.ppm,7,24,2.834015988999454
denoise_calendar_final,../noise.ppm,7,25,2.6835228460004146
denoise_calendar_final,../noise.ppm,7,26,2.868648371000745
denoise_calendar_final,../noise.ppm,7,27,2.866000010000789
denoise_calendar_final,../noise.ppm,7,28,2.684142198999325
denoise_calendar_final,../noise.ppm,7,29,2.8645702449994133
denoise_calendar_final,../noise.ppm,7,30,2.8006414880001103
denoise_calendar_final,../noise.ppm,8,1,2.648281430001589
denoise_calendar_final,../noise.ppm,8,2,2.7893137020000722
denoise_calendar_final,../noise.ppm,8,3,2.770395870000357
denoise_calendar_final,../noise.ppm,8,4,2.6738611629989464
denoise_calendar_final,../noise.ppm,8,5,2.7483392150006694
denoise_calendar_final,../noise.ppm,8,6,2.648173345000032
denoise_calendar_final,../noise.ppm,8,7,2.596159300999716
denoise_calendar_final,../noise.ppm,8,8,2.6627155740006856
denoise_calendar_final,../noise.ppm,8,9,2.620212101999641
denoise_calendar_final,../noise.ppm,8,10,2.6715355350006575
denoise_calendar_final,../noise.ppm,8,11,2.6089113090001774
denoise_calendar_final,../noise.ppm,8,12,2.657587028999842
denoise_calendar_final,../noise.ppm,8,13,2.6395958279990737
denoise_calendar_final,../noise.ppm,8,14,2.6472597049996693
denoise_calendar_final,../noise.ppm,8,15,2.7150655040004494
denoise_calendar_final,../noise.ppm,8,16,2.69325634300003
denoise_calendar_final,../noise.ppm,8,17,2.683111464000831
denoise_calendar_final,../noise.ppm,8,18,2.8027590769997914
denoise_calendar_final,../noise.ppm,8,19,2.625711319999027
denoise_calendar_final,../noise.ppm,8,20,2.7481684670001414
denoise_calendar_final,../noise.ppm,8,21,2.7247575300007156
denoise_calendar_final,../noise.ppm,8,22,2.643393943999399
denoise_calendar_final,../noise.ppm,8,23,2.598966345000008
denoise_calendar_final,../noise.ppm,8,24,2.627503448000425
denoise_calendar_final,../noise.ppm,8,25,2.615878419999717
denoise_calendar_final,../noise.ppm,8,26,2.6563872209990222
denoise_calendar_final,../noise.ppm,8,27,2.6567010159997153
denoise_calendar_final,../noise.ppm,8,28,2.6255622409989883
denoise_calendar_final,../noise.ppm,8,29,2.6492889170003764
denoise_calendar_final,../noise.ppm,8,30,2.667764387999341
denoise_calendar_final,../noise.ppm,9,1,2.587796062000052
denoise_calendar_final,../noise.ppm,9,2,2.611126124000293
denoise_calendar_final,../noise.ppm,9,3,2.5747730050006794
denoise_calendar_final,../noise.ppm,9,4,2.5909431930012943
denoise_calendar_final,../noise.ppm,9,5,2.572842624000259
denoise_calendar_final,../noise.ppm,9,6,2.580484697000429
denoise_calendar_final,../noise.ppm,9,7,2.60133877699991
denoise_calendar_final,../noise.ppm,9,8,2.580218323000736
denoise_calendar_final,../noise.ppm,9,9,2.671051515000727
denoise_calendar_final,../noise.ppm,9,10,2.5940729579997424
denoise_calendar_final,../noise.ppm,9,11,2.618563322999762
denoise_calendar_final,../noise.ppm,9,12,2.599669717001234
denoise_calendar_final,../noise.ppm,9,13,2.692308444999071
denoise_calendar_final,../noise.ppm,9,14,2.669062176000807
denoise_calendar_final,../noise.ppm,9,15,2.6151028719996248
denoise_calendar_final,../noise.ppm,9,16,2.5912538330012467
denoise_calendar_final,../noise.ppm,9,17,2.581292623999616
denoise_calendar_final,../noise.ppm,9,18,2.610534090999863
denoise_calendar_final,../noise.ppm,9,19,2.5902098339993245
denoise_calendar_final,../noise.ppm,9,20,2.630731649000154
denoise_calendar_final,../noise.ppm,9,21,2.5975974749999295
denoise_calendar_final,../noise.ppm,9,22,2.584952308998254
denoise_calendar_final,../noise.ppm,9,23,2.631888521000292
denoise_calendar_final,../noise.ppm,9,24,2.601431588000196
denoise_calendar_final,../noise.ppm,9,25,2.577351472000373
denoise_calendar_final,../noise.ppm,9,26,2.5631952399999136
denoise_calendar_final,../noise.ppm,9,27,2.5849273190015083
denoise_calendar_final,../noise.ppm,9,28,2.5611884399986593
denoise_calendar_final,../noise.ppm,9,29,2.6028497890001745
denoise_calendar_final,../noise.ppm,9,30,2.5942636330000823
denoise_calendar_final,../noise.ppm,10,1,2.5803013629993075
denoise_calendar_final,../noise.ppm,10,2,2.5477441969997017
denoise_calendar_final,../noise.ppm,10,3,2.561081785999704
denoise_calendar_final,../noise.ppm,10,4,2.5497746799992456
denoise_calendar_final,../noise.ppm,10,5,2.549360216000423
denoise_calendar_final,../noise.ppm,10,6,2.9280330879992107
denoise_calendar_final,../noise.ppm,10,7,2.8916883260008035
denoise_calendar_final,../noise.ppm,10,8,2.8117627970004833
denoise_calendar_final,../noise.ppm,10,9,2.5790984489995026
denoise_calendar_final,../noise.ppm,10,10,2.700163966999753
denoise_calendar_final,../noise.ppm,10,11,2.6334824109999317
denoise_calendar_final,../noise.ppm,10,12,2.61718707
denoise_calendar_final,../noise.ppm,10,13,2.6496570030012663
denoise_calendar_final,../noise.ppm,10,14,2.5560740230012016
denoise_calendar_final,../noise.ppm,10,15,2.720206832000258
denoise_calendar_final,../noise.ppm,10,16,2.5848743520000426
denoise_calendar_final,../noise.ppm,10,17,2.5378374840001925
denoise_calendar_final,../noise.ppm,10,18,2.552380835000804
denoise_calendar_final,../noise.ppm,10,19,2.5215589969993744
denoise_calendar_final,../noise.ppm,10,20,2.5671740879988647
denoise_calendar_final,../noise.ppm,10,21,2.5200825210013136
denoise_calendar_final,../noise.ppm,10,22,2.5501769929996954
denoise_calendar_final,../noise.ppm,10,23,2.7067515700000513
denoise_calendar_final,../noise.ppm,10,24,2.539660938999077
denoise_calendar_final,../noise.ppm,10,25,2.579832773000817
denoise_calendar_final,../noise.ppm,10,26,2.5377872300014133
denoise_calendar_final,../noise.ppm,10,27,2.5233361089995014
denoise_calendar_final,../noise.ppm,10,28,2.5777410509999754
denoise_calendar_final,../noise.ppm,10,29,2.5998233499994967
denoise_calendar_final,../noise.ppm,10,30,2.605811163000908

denoise_calendar_final,../noise.ppm,12,1,2.4262764070008416
denoise_calendar_final,../noise.ppm,12,2,2.387531492000562
denoise_calendar_final,../noise.ppm,12,3,2.4595615359994554
denoise_calendar_final,../noise.ppm,12,4,2.335953719000827
denoise_calendar_final,../noise.ppm,12,5,2.499262228000589
denoise_calendar_final,../noise.ppm,12,6,2.351634037000622
denoise_calendar_final,../noise.ppm,12,7,2.5681070880000334
denoise_calendar_final,../noise.ppm,12,8,2.4927488599987555
denoise_calendar_final,../noise.ppm,12,9,2.4279670550004084
denoise_calendar_final,../noise.ppm,12,10,2.526241472000038
denoise_calendar_final,../noise.ppm,12,11,2.380943105999904
denoise_calendar_final,../noise.ppm,12,12,2.4118851859984716
denoise_calendar_final,../noise.ppm,12,13,2.4108433769997646
denoise_calendar_final,../noise.ppm,12,14,2.3983693099999073
denoise_calendar_final,../noise.ppm,12,15,2.4415757750011835
denoise_calendar_final,../noise.ppm,12,16,2.4135118930007593
denoise_calendar_final,../noise.ppm,12,17,2.4408726620004018
denoise_calendar_final,../noise.ppm,12,18,2.415519915000914
denoise_calendar_final,../noise.ppm,12,19,2.4464503129984223
denoise_calendar_final,../noise.ppm,12,20,2.4662109580003744
denoise_calendar_final,../noise.ppm,12,21,2.4507785069999954
denoise_calendar_final,../noise.ppm,12,22,2.4550545160000183
denoise_calendar_final,../noise.ppm,12,23,2.44270778399914
denoise_calendar_final,../noise.ppm,12,24,2.461032532999525
denoise_calendar_final,../noise.ppm,12,25,2.503283840998847
denoise_calendar_final,../noise.ppm,12,26,2.4121587059999
denoise_calendar_final,../noise.ppm,12,27,2.474271647999558
denoise_calendar_final,../noise.ppm,12,28,2.5966825480008993
denoise_calendar_final,../noise.ppm,12,29,2.450426458999573
denoise_calendar_final,../noise.ppm,12,30,2.5613873719994444
denoise_calendar_final,../noise.ppm,13,1,2.4968239949994313
denoise_calendar_final,../noise.ppm,13,2,2.4313777549996303
denoise_calendar_final,../noise.ppm,13,3,2.4438812600001256
denoise_calendar_final,../noise.ppm,13,4,2.4279315679996216
denoise_calendar_final,../noise.ppm,13,5,2.5023904999998194
denoise_calendar_final,../noise.ppm,13,6,2.4169280379992415
denoise_calendar_final,../noise.ppm,13,7,2.4509282220005844
denoise_calendar_final,../noise.ppm,13,8,2.421054712000114
denoise_calendar_final,../noise.ppm,13,9,2.4982422270004463
denoise_calendar_final,../noise.ppm,13,10,2.4327018640015012
denoise_calendar_final,../noise.ppm,13,11,2.460614395000448
denoise_calendar_final,../noise.ppm,13,12,2.421504339999956
denoise_calendar_final,../noise.ppm,13,13,2.4370335309995426
denoise_calendar_final,../noise.ppm,13,14,2.4874564919991826
denoise_calendar_final,../noise.ppm,13,15,2.518179450000389
denoise_calendar_final,../noise.ppm,13,16,2.493558373000269
denoise_calendar_final,../noise.ppm,13,17,2.4431706100003794
denoise_calendar_final,../noise.ppm,13,18,2.525320455999463
denoise_calendar_final,../noise.ppm,13,19,2.528620963999856
denoise_calendar_final,../noise.ppm,13,20,2.6497587369995017
denoise_calendar_final,../noise.ppm,13,21,2.503939521000575
denoise_calendar_final,../noise.ppm,13,22,2.4968239949994313
denoise_calendar_final,../noise.ppm,13,23,2.4313777549996303
denoise_calendar_final,../noise.ppm,13,24,2.4438812600001256
denoise_calendar_final,../noise.ppm,13,25,2.4279315679996216
denoise_calendar_final,../noise.ppm,13,26,2.5023904999998194
denoise_calendar_final,../noise.ppm,13,27,2.4169280379992415
denoise_calendar_final,../noise.ppm,13,28,2.4509282220005844
denoise_calendar_final,../noise.ppm,13,29,2.421054712000114
denoise_calendar_final,../noise.ppm,13,30,2.4982422270004463
denoise_calendar_final,../noise.ppm,11,1,2.474788957999408
denoise_calendar_final,../noise.ppm,11,2,2.4669364339988533
denoise_calendar_final,../noise.ppm,11,3,2.5621237760005897
denoise_calendar_final,../noise.ppm,11,4,2.5848865280004247
denoise_calendar_final,../noise.ppm,11,5,2.4559691850008676
denoise_calendar_final,../noise.ppm,11,6,2.458006959001068
denoise_calendar_final,../noise.ppm,11,7,2.441762361999281
denoise_calendar_final,../noise.ppm,11,8,2.4182295950013213
denoise_calendar_final,../noise.ppm,11,9,2.443313838000904
denoise_calendar_final,../noise.ppm,11,10,2.494830445999469
denoise_calendar_final,../noise.ppm,11,11,2.44866372999968
denoise_calendar_final,../noise.ppm,11,12,2.5357198279998556
denoise_calendar_final,../noise.ppm,11,13,2.4789179259987577
denoise_calendar_final,../noise.ppm,11,14,2.5250787700006185
denoise_calendar_final,../noise.ppm,11,15,2.4754847069998505
denoise_calendar_final,../noise.ppm,11,16,2.5333542250009486
denoise_calendar_final,../noise.ppm,11,17,2.491674259001229
denoise_calendar_final,../noise.ppm,11,18,2.516445034001663
denoise_calendar_final,../noise.ppm,11,19,2.5413539580004
denoise_calendar_final,../noise.ppm,11,20,2.5448407379990385
denoise_calendar_final,../noise.ppm,11,21,2.5485599969997565
denoise_calendar_final,../noise.ppm,11,22,2.6069981460004783
denoise_calendar_final,../noise.ppm,11,23,2.501098128999729
denoise_calendar_final,../noise.ppm,11,24,2.5798037100012152
denoise_calendar_final,../noise.ppm,11,25,2.505670429998645
denoise_calendar_final,../noise.ppm,11,26,2.517234762000953
denoise_calendar_final,../noise.ppm,11,27,2.558346531001007
denoise_calendar_final,../noise.ppm,11,28,2.7836142999985896
denoise_calendar_final,../noise.ppm,11,29,2.5598716830008925
denoise_calendar_final,../noise.ppm,11,30,2.652284755000437
denoise_calendar_final,../noise.ppm,14,1,2.651238752001518
denoise_calendar_final,../noise.ppm,14,2,2.689099041999725
denoise_calendar_final,../noise.ppm,14,3,2.6239304790015012
denoise_calendar_final,../noise.ppm,14,4,2.500269816000582
denoise_calendar_final,../noise.ppm,14,5,2.4605324960011785
denoise_calendar_final,../noise.ppm,14,6,2.4887538610000774
denoise_calendar_final,../noise.ppm,14,7,2.4633006999993086
denoise_calendar_final,../noise.ppm,14,8,2.4943393230005313
denoise_calendar_final,../noise.ppm,14,9,2.439125069000511
denoise_calendar_final,../noise.ppm,14,10,2.4705103500000405
denoise_calendar_final,../noise.ppm,14,11,2.42908912600069
denoise_calendar_final,../noise.ppm,14,12,2.480239440999867
denoise_calendar_final,../noise.ppm,14,13,2.43931769199844
denoise_calendar_final,../noise.ppm,14,14,2.472813213998961
denoise_calendar_final,../noise.ppm,14,15,2.4716584809993947
denoise_calendar_final,../noise.ppm,14,16,2.461046346999865
denoise_calendar_final,../noise.ppm,14,17,2.47319908999998
denoise_calendar_final,../noise.ppm,14,18,2.4836027639994427
denoise_calendar_final,../noise.ppm,14,19,2.5192998129987245
denoise_calendar_final,../noise.ppm,14,20,2.4467590339991148
denoise_calendar_final,../noise.ppm,14,21,2.551555002000896
denoise_calendar_final,../noise.ppm,14,22,2.476511709000988
denoise_calendar_final,../noise.ppm,14,23,2.4673783739999635
denoise_calendar_final,../noise.ppm,14,24,2.6110404719984217
denoise_calendar_final,../noise.ppm,14,25,2.494602278999082
denoise_calendar_final,../noise.ppm,14,26,2.5782487190008396
denoise_calendar_final,../noise.ppm,14,27,2.581936237998889
denoise_calendar_final,../noise.ppm,14,28,2.5499755939999886
denoise_calendar_final,../noise.ppm,14,29,2.7671427390014287
denoise_calendar_final,../noise.ppm,14,30,2.508463913000014
denoise_calendar_final,../noise.ppm,15,1,2.520540911000353
denoise_calendar_final,../noise.ppm,15,2,2.4600861460003216
denoise_calendar_final,../noise.ppm,15,3,2.479711963000227
denoise_calendar_final,../noise.ppm,15,4,2.475475182998707
denoise_calendar_final,../noise.ppm,15,5,2.4987662650000857
denoise_calendar_final,../noise.ppm,15,6,2.47273665099965
denoise_calendar_final,../noise.ppm,15,7,2.5055305900004896
denoise_calendar_final,../noise.ppm,15,8,2.468706181000016
denoise_calendar_final,../noise.ppm,15,9,2.5394116259994917
denoise_calendar_final,../noise.ppm,15,10,2.4856381570007215
denoise_calendar_final,../noise.ppm,15,11,2.4761688990001858
denoise_calendar_final,../noise.ppm,15,12,2.472644859999491
denoise_calendar_final,../noise.ppm,15,13,2.545942423001179
denoise_calendar_final,../noise.ppm,15,14,2.4762972539992916
denoise_calendar_final,../noise.ppm,15,15,2.5849357990009594
denoise_calendar_final,../noise.ppm,15,16,2.516642808001052
denoise_calendar_final,../noise.ppm,15,17,2.5023070450006344
denoise_calendar_final,../noise.ppm,15,18,2.5293919180003286
denoise_calendar_final,../noise.ppm,15,19,2.493312184000388
denoise_calendar_final,../noise.ppm,15,20,2.660955676999947
denoise_calendar_final,../noise.ppm,15,21,2.491558816000179
denoise_calendar_final,../noise.ppm,15,22,2.6230263030010974
denoise_calendar_final,../noise.ppm,15,23,2.467757127000368
denoise_calendar_final,../noise.ppm,15,24,2.552578023998649
denoise_calendar_final,../noise.ppm,15,25,2.487074530001337
denoise_calendar_final,../noise.ppm,15,26,2.4920505080008297
denoise_calendar_final,../noise.ppm,15,27,2.479119838999395
denoise_calendar_final,../noise.ppm,15,28,2.4919675740002276
denoise_calendar_final,../noise.ppm,15,29,2.4560754240010283
denoise_calendar_final,../noise.ppm,15,30,2.542553881999993
denoise_calendar_final,../noise.ppm,16,1,2.541070187000514
denoise_calendar_final,../noise.ppm,16,2,2.7582831800009444
denoise_calendar_final,../noise.ppm,16,3,2.693833609999274
denoise_calendar_final,../noise.ppm,16,4,2.859605248999287