Program Name,Thread Count,Repetition,Time (Seconds)
denoise,1,1,45.799191
denoise,1,2,46.091338
denoise,1,3,45.449601
denoise,1,4,44.378559
denoise,1,5,44.393146
denoise,1,6,44.219881
denoise,1,7,44.408483
denoise,1,8,44.185082
denoise,1,9,44.072047
denoise,1,10,44.33511
denoise,1,11,44.150367
denoise,1,12,44.175547
denoise,1,13,44.208053
denoise,1,14,44.294248
denoise,1,15,44.370779
denoise,1,16,44.680918
denoise,1,17,44.192252
denoise,1,18,44.402413
denoise,1,19,44.75315
denoise,1,20,44.401398
denoise,1,21,44.186994
denoise,1,22,44.326468
denoise,1,23,44.093424
denoise,1,24,44.249626
denoise,1,25,44.249271
denoise,1,26,44.967129
denoise,1,27,44.29267
denoise,1,28,44.160747
denoise,1,29,44.196981
denoise,1,30,44.131351
denoise,2,1,27.225281
denoise,2,2,27.154233
denoise,2,3,27.275288
denoise,2,4,27.225599
denoise,2,5,27.366559
denoise,2,6,27.43821
denoise,2,7,27.301108
denoise,2,8,27.27978
denoise,2,9,27.249276
denoise,2,10,27.495302
denoise,2,11,27.26951
denoise,2,12,27.524942
denoise,2,13,27.451257
denoise,2,14,27.525091
denoise,2,15,27.521657
denoise,2,16,27.500955
denoise,2,17,27.768053
denoise,2,18,27.566133
denoise,2,19,27.447858
denoise,2,20,27.555245
denoise,2,21,27.444008
denoise,2,22,27.606503
denoise,2,23,28.079961
denoise,2,24,27.420809
denoise,2,25,27.623263
denoise,2,26,27.547949
denoise,2,27,27.468944
denoise,2,28,27.51391
denoise,2,29,27.493727
denoise,2,30,27.487603
denoise,3,1,18.709524
denoise,3,2,18.797623
denoise,3,3,18.833095
denoise,3,4,18.896076
denoise,3,5,18.862445
denoise,3,6,18.845626
denoise,3,7,18.956907
denoise,3,8,18.875677
denoise,3,9,18.898456
denoise,3,10,18.81453
denoise,3,11,18.926278
denoise,3,12,18.884815
denoise,3,13,18.936417
denoise,3,14,18.880853
denoise,3,15,19.045935
denoise,3,16,18.918065
denoise,3,17,18.934615
denoise,3,18,18.946631
denoise,3,19,18.945985
denoise,3,20,18.964473
denoise,3,21,18.915513
denoise,3,22,19.119492
denoise,3,23,19.010978
denoise,3,24,19.058387
denoise,3,25,18.965309
denoise,3,26,18.996951
denoise,3,27,18.990248
denoise,3,28,18.97069
denoise,3,29,19.061018
denoise,3,30,19.017661
denoise,4,1,14.971726
denoise,4,2,15.011771
denoise,4,3,15.271466
denoise,4,4,15.113615
denoise,4,5,15.076016
denoise,4,6,15.075203
denoise,4,7,15.121246
denoise,4,8,15.08324
denoise,4,9,15.122918
denoise,4,10,15.104027
denoise,4,11,15.080188
denoise,4,12,15.109135
denoise,4,13,15.073437
denoise,4,14,15.122095
denoise,4,15,15.098513
denoise,4,16,15.12083
denoise,4,17,15.133579
denoise,4,18,15.148243
denoise,4,19,15.076871
denoise,4,20,15.07608
denoise,4,21,15.106356
denoise,4,22,15.115544
denoise,4,23,15.084241
denoise,4,24,15.162789
denoise,4,25,15.148835
denoise,4,26,15.121861
denoise,4,27,15.146966
denoise,4,28,15.092198
denoise,4,29,15.041047
denoise,4,30,15.135075
denoise,5,1,12.759044
denoise,5,2,12.757426
denoise,5,3,12.727727
denoise,5,4,12.733557
denoise,5,5,12.731294
denoise,5,6,12.770126
denoise,5,7,12.724726
denoise,5,8,12.740163
denoise,5,9,12.754089
denoise,5,10,12.715167
denoise,5,11,12.71324
denoise,5,12,12.883296
denoise,5,13,12.747761
denoise,5,14,12.729499
denoise,5,15,12.760427
denoise,5,16,12.725152
denoise,5,17,12.741907
denoise,5,18,12.735723
denoise,5,19,12.755485
denoise,5,20,12.709961
denoise,5,21,12.750873
denoise,5,22,12.714997
denoise,5,23,12.740843
denoise,5,24,12.766144
denoise,5,25,12.782502
denoise,5,26,12.700962
denoise,5,27,12.731785
denoise,5,28,12.778285
denoise,5,29,12.704769
denoise,5,30,12.750733
denoise,6,1,11.270682
denoise,6,2,11.23697
denoise,6,3,11.221386
denoise,6,4,11.282296
denoise,6,5,11.262873
denoise,6,6,11.238863
denoise,6,7,11.261024
denoise,6,8,11.307563
denoise,6,9,11.255361
denoise,6,10,11.3091
denoise,6,11,11.260157
denoise,6,12,11.430663
denoise,6,13,11.336208
denoise,6,14,11.286099
denoise,6,15,11.308062
denoise,6,16,11.391773
denoise,6,17,11.213049
denoise,6,18,11.318614
denoise,6,19,11.315535
denoise,6,20,11.306528
denoise,6,21,11.269894
denoise,6,22,11.251414
denoise,6,23,11.29283
denoise,6,24,11.272755
denoise,6,25,11.313294
denoise,6,26,11.326252
denoise,6,27,11.294343
denoise,6,28,11.299496
denoise,6,29,11.370939
denoise,6,30,11.320833
denoise,7,1,10.609025
denoise,7,2,10.506294
denoise,7,3,10.530273
denoise,7,4,10.471831
denoise,7,5,10.720005
denoise,7,6,10.213115
denoise,7,7,10.518207
denoise,7,8,10.532005
denoise,7,9,10.491827
denoise,7,10,10.641751
denoise,7,11,10.64569
denoise,7,12,10.59046
denoise,7,13,10.187194
denoise,7,14,10.517204
denoise,7,15,10.334579
denoise,7,16,10.6291
denoise,7,17,10.539196
denoise,7,18,11.48227
denoise,7,19,10.322382
denoise,7,20,10.693902
denoise,7,21,10.623208
denoise,7,22,11.460906
denoise,7,23,11.556091
denoise,7,24,10.557887
denoise,7,25,10.513675
denoise,7,26,10.525663
denoise,7,27,10.52109
denoise,7,28,10.517346
denoise,7,29,10.614369
denoise,7,30,10.427088
denoise,8,1,9.665381
denoise,8,2,10.463896
denoise,8,3,9.980086
denoise,8,4,10.429023
denoise,8,5,9.499926
denoise,8,6,9.848827
denoise,8,7,10.160811
denoise,8,8,10.050243
denoise,8,9,10.255809
denoise,8,10,10.167106
denoise,8,11,10.215366
denoise,8,12,9.889513
denoise,8,13,10.357531
denoise,8,14,9.990087
denoise,8,15,10.339918
denoise,8,16,9.95357
denoise,8,17,10.367182
denoise,8,18,10.470838
denoise,8,19,9.87563
denoise,8,20,9.969779
denoise,8,21,10.077024
denoise,8,22,9.705171
denoise,8,23,10.01818
denoise,8,24,10.336592
denoise,8,25,9.243982
denoise,8,26,10.457382
denoise,8,27,9.713737
denoise,8,28,10.431579
denoise,8,29,10.259645
denoise,8,30,9.596489
denoise,9,1,10.568897
denoise,9,2,9.370871
denoise,9,3,9.504451
denoise,9,4,10.270303
denoise,9,5,9.349042
denoise,9,6,9.187002
denoise,9,7,9.400178
denoise,9,8,10.275452
denoise,9,9,10.352421
denoise,9,10,9.166141
denoise,9,11,9.517838
denoise,9,12,9.51172
denoise,9,13,9.404023
denoise,9,14,9.391478
denoise,9,15,9.761065
denoise,9,16,9.424931
denoise,9,17,9.396758
denoise,9,18,9.414313
denoise,9,19,9.608717
denoise,9,20,10.352314
denoise,9,21,9.613008
denoise,9,22,9.336144
denoise,9,23,9.441953
denoise,9,24,9.534037
denoise,9,25,9.531299
denoise,9,26,9.20579
denoise,9,27,10.332186
denoise,9,28,9.548629
denoise,9,29,9.430206
denoise,9,30,9.537496
denoise,10,1,9.186623
denoise,10,2,9.059014
denoise,10,3,9.16348
denoise,10,4,9.083108
denoise,10,5,9.268441
denoise,10,6,8.995562
denoise,10,7,8.676383
denoise,10,8,9.149774
denoise,10,9,8.828267
denoise,10,10,9.304494
denoise,10,11,9.102509
denoise,10,12,9.206014
denoise,10,13,9.219878
denoise,10,14,9.286535
denoise,10,15,9.237303
denoise,10,16,9.216143
denoise,10,17,9.200481
denoise,10,18,9.004697
denoise,10,19,8.63127
denoise,10,20,9.101964
denoise,10,21,9.156111
denoise,10,22,8.854027
denoise,10,23,9.253948
denoise,10,24,9.229968
denoise,10,25,9.171456
denoise,10,26,9.291666
denoise,10,27,9.248772
denoise,10,28,8.740373
denoise,10,29,9.192881
denoise,10,30,9.156556
denoise,11,1,8.591481
denoise,11,2,8.549282
denoise,11,3,9.571775
denoise,11,4,8.497791
denoise,11,5,8.703885
denoise,11,6,8.599807
denoise,11,7,9.518695
denoise,11,8,9.731718
denoise,11,9,9.569111
denoise,11,10,9.504422
denoise,11,11,8.491335
denoise,11,12,9.658942
denoise,11,13,9.56776
denoise,11,14,8.948441
denoise,11,15,9.569017
denoise,11,16,8.634936
denoise,11,17,8.598314
denoise,11,18,8.625865
denoise,11,19,8.495487
denoise,11,20,9.47549
denoise,11,21,9.085519
denoise,11,22,8.603346
denoise,11,23,9.483308
denoise,11,24,8.932934
denoise,11,25,8.574014
denoise,11,26,8.725049
denoise,11,27,9.452613
denoise,11,28,9.471986
denoise,11,29,8.523609
denoise,11,30,9.59631
denoise,12,1,8.315357
denoise,12,2,8.355195
denoise,12,3,8.318695
denoise,12,4,8.252655
denoise,12,5,8.320486
denoise,12,6,8.185796
denoise,12,7,8.262812
denoise,12,8,8.168054
denoise,12,9,8.253397
denoise,12,10,8.359677
denoise,12,11,8.279806
denoise,12,12,8.213091
denoise,12,13,8.26717
denoise,12,14,8.458403
denoise,12,15,8.21134
denoise,12,16,8.218399
denoise,12,17,8.291816
denoise,12,18,8.276977
denoise,12,19,8.166246
denoise,12,20,8.24129
denoise,12,21,8.217828
denoise,12,22,8.192029
denoise,12,23,8.334262
denoise,12,24,8.210626
denoise,12,25,8.287202
denoise,12,26,8.25001
denoise,12,27,8.352861
denoise,12,28,8.496762
denoise,12,29,8.16609
denoise,12,30,8.227311
denoise,13,1,9.358284
denoise,13,2,8.978847
denoise,13,3,8.971489
denoise,13,4,8.997726
denoise,13,5,9.131006
denoise,13,6,8.748315
denoise,13,7,8.974585
denoise,13,8,9.030713
denoise,13,9,9.077769
denoise,13,10,9.076122
denoise,13,11,9.121767
denoise,13,12,9.202843
denoise,13,13,9.04185
denoise,13,14,8.932507
denoise,13,15,8.969094
denoise,13,16,9.082915
denoise,13,17,9.264788
denoise,13,18,9.075276
denoise,13,19,8.987297
denoise,13,20,9.245726
denoise,13,21,8.974956
denoise,13,22,9.084873
denoise,13,23,9.199789
denoise,13,24,9.010362
denoise,13,25,8.932754
denoise,13,26,8.929536
denoise,13,27,8.772995
denoise,13,28,9.031591
denoise,13,29,9.142969
denoise,13,30,9.122349
denoise,14,1,7.860899
denoise,14,2,8.057273
denoise,14,3,7.842147
denoise,14,4,7.647082
denoise,14,5,8.047249
denoise,14,6,7.801314
denoise,14,7,7.869793
denoise,14,8,7.746764
denoise,14,9,7.790955
denoise,14,10,7.73584
denoise,14,11,7.78907
denoise,14,12,7.7457
denoise,14,13,7.915911
denoise,14,14,8.049593
denoise,14,15,7.964278
denoise,14,16,7.864953
denoise,14,17,7.769288
denoise,14,18,7.938216
denoise,14,19,7.784116
denoise,14,20,8.189332
denoise,14,21,7.933696
denoise,14,22,7.743613
denoise,14,23,7.908286
denoise,14,24,8.252195
denoise,14,25,7.849069
denoise,14,26,7.775592
denoise,14,27,7.773788
denoise,14,28,8.031453
denoise,14,29,7.885909
denoise,14,30,7.908868
denoise,15,1,8.897226
denoise,15,2,9.142154
denoise,15,3,8.915648
denoise,15,4,9.097996
denoise,15,5,8.855527
denoise,15,6,8.872222
denoise,15,7,9.018984
denoise,15,8,8.621122
denoise,15,9,8.646437
denoise,15,10,9.038077
denoise,15,11,8.542678
denoise,15,12,8.796182
denoise,15,13,8.779531
denoise,15,14,8.496859
denoise,15,15,9.406132
denoise,15,16,8.873245
denoise,15,17,8.923896
denoise,15,18,8.650496
denoise,15,19,9.006594
denoise,15,20,8.670093
denoise,15,21,8.895637
denoise,15,22,8.884867
denoise,15,23,9.020997
denoise,15,24,8.830891
denoise,15,25,8.934792
denoise,15,26,8.662018
denoise,15,27,8.663919
denoise,15,28,8.92719
denoise,15,29,8.908234
denoise,15,30,8.884205
denoise,16,1,7.693253
denoise,16,2,8.096663
denoise,16,3,8.093113
denoise,16,4,7.724268
denoise,16,5,7.840832
denoise,16,6,7.908913
denoise,16,7,7.926578
denoise,16,8,7.719543
denoise,16,9,8.115159
denoise,16,10,8.012089
denoise,16,11,8.028071
denoise,16,12,7.654885
denoise,16,13,8.039272
denoise,16,14,7.938351
denoise,16,15,8.054949
denoise,16,16,7.799263
denoise,16,17,8.092119
denoise,16,18,7.765479
denoise,16,19,8.192634
denoise,16,20,8.285489
denoise,16,21,7.861535
denoise,16,22,7.948328
denoise,16,23,7.78162
denoise,16,24,7.805829
denoise,16,25,8.246351
denoise,16,26,8.001055
denoise,16,27,7.953243
denoise,16,28,8.266144
denoise,16,29,7.581898
denoise,16,30,7.864436
denoise_calendar_3,1,1,14.716452
denoise_calendar_3,1,2,14.619665
denoise_calendar_3,1,3,14.726355
denoise_calendar_3,1,4,14.761193
denoise_calendar_3,1,5,14.761627
denoise_calendar_3,1,6,14.868656
denoise_calendar_3,1,7,14.924839
denoise_calendar_3,1,8,14.866915
denoise_calendar_3,1,9,14.779309
denoise_calendar_3,1,10,14.850662
denoise_calendar_3,1,11,14.863576
denoise_calendar_3,1,12,14.866789
denoise_calendar_3,1,13,14.798191
denoise_calendar_3,1,14,14.854598
denoise_calendar_3,1,15,14.910761
denoise_calendar_3,1,16,14.651843
denoise_calendar_3,1,17,14.829307
denoise_calendar_3,1,18,14.836754
denoise_calendar_3,1,19,14.938091
denoise_calendar_3,1,20,14.934434
denoise_calendar_3,1,21,14.540861
denoise_calendar_3,1,22,14.433621
denoise_calendar_3,1,23,14.469715
denoise_calendar_3,1,24,14.436394
denoise_calendar_3,1,25,14.429612
denoise_calendar_3,1,26,14.465721
denoise_calendar_3,1,27,14.267672
denoise_calendar_3,1,28,14.427058
denoise_calendar_3,1,29,14.501188
denoise_calendar_3,1,30,14.463529
denoise_calendar_3,2,1,8.51181
denoise_calendar_3,2,2,8.537129
denoise_calendar_3,2,3,8.542018
denoise_calendar_3,2,4,8.534239
denoise_calendar_3,2,5,8.551597
denoise_calendar_3,2,6,8.572557
denoise_calendar_3,2,7,8.568248
denoise_calendar_3,2,8,8.577111
denoise_calendar_3,2,9,8.574802
denoise_calendar_3,2,10,8.571346
denoise_calendar_3,2,11,8.616044
denoise_calendar_3,2,12,8.599327
denoise_calendar_3,2,13,8.592058
denoise_calendar_3,2,14,8.614186
denoise_calendar_3,2,15,8.590229
denoise_calendar_3,2,16,8.571826
denoise_calendar_3,2,17,8.57846
denoise_calendar_3,2,18,8.573021
denoise_calendar_3,2,19,8.589354
denoise_calendar_3,2,20,8.58511
denoise_calendar_3,2,21,8.616574
denoise_calendar_3,2,22,8.580756
denoise_calendar_3,2,23,8.61151
denoise_calendar_3,2,24,8.660175
denoise_calendar_3,2,25,8.588411
denoise_calendar_3,2,26,8.590235
denoise_calendar_3,2,27,8.619453
denoise_calendar_3,2,28,8.622258
denoise_calendar_3,2,29,8.616132
denoise_calendar_3,2,30,8.574508
denoise_calendar_3,3,1,5.864176
denoise_calendar_3,3,2,5.867204
denoise_calendar_3,3,3,5.887292
denoise_calendar_3,3,4,5.915582
denoise_calendar_3,3,5,5.928532
denoise_calendar_3,3,6,5.940983
denoise_calendar_3,3,7,5.905442
denoise_calendar_3,3,8,5.947485
denoise_calendar_3,3,9,5.878088
denoise_calendar_3,3,10,5.963291
denoise_calendar_3,3,11,5.952669
denoise_calendar_3,3,12,5.941771
denoise_calendar_3,3,13,5.884475
denoise_calendar_3,3,14,5.963108
denoise_calendar_3,3,15,5.926192
denoise_calendar_3,3,16,5.932094
denoise_calendar_3,3,17,5.889359
denoise_calendar_3,3,18,5.977826
denoise_calendar_3,3,19,5.991947
denoise_calendar_3,3,20,5.98146
denoise_calendar_3,3,21,5.975244
denoise_calendar_3,3,22,5.975382
denoise_calendar_3,3,23,5.943472
denoise_calendar_3,3,24,5.968917
denoise_calendar_3,3,25,5.978712
denoise_calendar_3,3,26,5.98256
denoise_calendar_3,3,27,5.979172
denoise_calendar_3,3,28,5.991497
denoise_calendar_3,3,29,5.931151
denoise_calendar_3,3,30,5.971805
denoise_calendar_3,4,1,4.722703
denoise_calendar_3,4,2,4.743778
denoise_calendar_3,4,3,4.702871
denoise_calendar_3,4,4,4.707818
denoise_calendar_3,4,5,4.771497
denoise_calendar_3,4,6,4.720194
denoise_calendar_3,4,7,4.714469
denoise_calendar_3,4,8,4.729956
denoise_calendar_3,4,9,4.73571
denoise_calendar_3,4,10,4.791798
denoise_calendar_3,4,11,4.744712
denoise_calendar_3,4,12,4.735501
denoise_calendar_3,4,13,4.764562
denoise_calendar_3,4,14,4.840303
denoise_calendar_3,4,15,4.800909
denoise_calendar_3,4,16,4.7472
denoise_calendar_3,4,17,4.753064
denoise_calendar_3,4,18,4.750647
denoise_calendar_3,4,19,4.727333
denoise_calendar_3,4,20,4.799851
denoise_calendar_3,4,21,4.808463
denoise_calendar_3,4,22,4.740042
denoise_calendar_3,4,23,4.797667
denoise_calendar_3,4,24,4.827974
denoise_calendar_3,4,25,4.800946
denoise_calendar_3,4,26,4.736358
denoise_calendar_3,4,27,4.764656
denoise_calendar_3,4,28,4.797454
denoise_calendar_3,4,29,4.758424
denoise_calendar_3,4,30,4.78318
denoise_calendar_3,5,1,3.975727
denoise_calendar_3,5,2,3.96421
denoise_calendar_3,5,3,3.949762
denoise_calendar_3,5,4,3.967211
denoise_calendar_3,5,5,3.984206
denoise_calendar_3,5,6,3.98102
denoise_calendar_3,5,7,3.958842
denoise_calendar_3,5,8,3.993504
denoise_calendar_3,5,9,3.971513
denoise_calendar_3,5,10,3.965335
denoise_calendar_3,5,11,3.96344
denoise_calendar_3,5,12,3.971585
denoise_calendar_3,5,13,3.995312
denoise_calendar_3,5,14,3.962489
denoise_calendar_3,5,15,3.991593
denoise_calendar_3,5,16,3.952978
denoise_calendar_3,5,17,3.985179
denoise_calendar_3,5,18,3.985805
denoise_calendar_3,5,19,3.974737
denoise_calendar_3,5,20,3.956471
denoise_calendar_3,5,21,3.968705
denoise_calendar_3,5,22,3.949375
denoise_calendar_3,5,23,3.985562
denoise_calendar_3,5,24,3.97671
denoise_calendar_3,5,25,4.00079
denoise_calendar_3,5,26,3.996829
denoise_calendar_3,5,27,3.957373
denoise_calendar_3,5,28,3.985578
denoise_calendar_3,5,29,3.989995
denoise_calendar_3,5,30,3.939184
denoise_calendar_3,6,1,3.31155
denoise_calendar_3,6,2,3.289398
denoise_calendar_3,6,3,3.286628
denoise_calendar_3,6,4,3.29267
denoise_calendar_3,6,5,3.317947
denoise_calendar_3,6,6,3.304287
denoise_calendar_3,6,7,3.30286
denoise_calendar_3,6,8,3.33155
denoise_calendar_3,6,9,3.303361
denoise_calendar_3,6,10,3.31496
denoise_calendar_3,6,11,3.332546
denoise_calendar_3,6,12,3.321185
denoise_calendar_3,6,13,3.318886
denoise_calendar_3,6,14,3.359843
denoise_calendar_3,6,15,3.324201
denoise_calendar_3,6,16,3.317689
denoise_calendar_3,6,17,3.330031
denoise_calendar_3,6,18,3.35327
denoise_calendar_3,6,19,3.323416
denoise_calendar_3,6,20,3.35094
denoise_calendar_3,6,21,3.321417
denoise_calendar_3,6,22,3.312713
denoise_calendar_3,6,23,3.318287
denoise_calendar_3,6,24,3.340628
denoise_calendar_3,6,25,3.326253
denoise_calendar_3,6,26,3.339084
denoise_calendar_3,6,27,3.36343
denoise_calendar_3,6,28,3.345233
denoise_calendar_3,6,29,3.383848
denoise_calendar_3,6,30,3.342295
denoise_calendar_3,7,1,3.673789
denoise_calendar_3,7,2,3.627978
denoise_calendar_3,7,3,3.629459
denoise_calendar_3,7,4,3.648873
denoise_calendar_3,7,5,3.561486
denoise_calendar_3,7,6,3.642615
denoise_calendar_3,7,7,3.610793
denoise_calendar_3,7,8,3.64278
denoise_calendar_3,7,9,3.654041
denoise_calendar_3,7,10,3.60029
denoise_calendar_3,7,11,3.628949
denoise_calendar_3,7,12,3.642936
denoise_calendar_3,7,13,3.649687
denoise_calendar_3,7,14,3.628546
denoise_calendar_3,7,15,3.594517
denoise_calendar_3,7,16,3.599521
denoise_calendar_3,7,17,3.640561
denoise_calendar_3,7,18,3.645956
denoise_calendar_3,7,19,3.629525
denoise_calendar_3,7,20,3.608812
denoise_calendar_3,7,21,3.617431
denoise_calendar_3,7,22,3.641699
denoise_calendar_3,7,23,3.575485
denoise_calendar_3,7,24,3.614112
denoise_calendar_3,7,25,3.622714
denoise_calendar_3,7,26,3.625229
denoise_calendar_3,7,27,3.600005
denoise_calendar_3,7,28,3.533667
denoise_calendar_3,7,29,3.636251
denoise_calendar_3,7,30,3.616506
denoise_calendar_3,8,1,3.411365
denoise_calendar_3,8,2,3.47946
denoise_calendar_3,8,3,3.349678
denoise_calendar_3,8,4,3.350445
denoise_calendar_3,8,5,3.482946
denoise_calendar_3,8,6,3.50016
denoise_calendar_3,8,7,3.36703
denoise_calendar_3,8,8,3.507102
denoise_calendar_3,8,9,3.378029
denoise_calendar_3,8,10,3.381482
denoise_calendar_3,8,11,3.37472
denoise_calendar_3,8,12,3.344692
denoise_calendar_3,8,13,3.349403
denoise_calendar_3,8,14,3.50864
denoise_calendar_3,8,15,3.398704
denoise_calendar_3,8,16,3.499099
denoise_calendar_3,8,17,3.47525
denoise_calendar_3,8,18,3.494921
denoise_calendar_3,8,19,3.37575
denoise_calendar_3,8,20,3.393028
denoise_calendar_3,8,21,3.386381
denoise_calendar_3,8,22,3.514842
denoise_calendar_3,8,23,3.283866
denoise_calendar_3,8,24,3.374439
denoise_calendar_3,8,25,3.367636
denoise_calendar_3,8,26,3.37139
denoise_calendar_3,8,27,3.400289
denoise_calendar_3,8,28,3.393654
denoise_calendar_3,8,29,3.485221
denoise_calendar_3,8,30,3.38944
denoise_calendar_3,9,1,3.311343
denoise_calendar_3,9,2,3.048075
denoise_calendar_3,9,3,3.20391
denoise_calendar_3,9,4,3.298803
denoise_calendar_3,9,5,3.298407
denoise_calendar_3,9,6,3.306025
denoise_calendar_3,9,7,3.297119
denoise_calendar_3,9,8,3.309258
denoise_calendar_3,9,9,3.303609
denoise_calendar_3,9,10,3.28973
denoise_calendar_3,9,11,3.293631
denoise_calendar_3,9,12,3.304795
denoise_calendar_3,9,13,3.269667
denoise_calendar_3,9,14,3.263284
denoise_calendar_3,9,15,3.098003
denoise_calendar_3,9,16,3.300096
denoise_calendar_3,9,17,3.099794
denoise_calendar_3,9,18,3.316323
denoise_calendar_3,9,19,3.250919
denoise_calendar_3,9,20,3.073649
denoise_calendar_3,9,21,3.262002
denoise_calendar_3,9,22,3.08673
denoise_calendar_3,9,23,3.07578
denoise_calendar_3,9,24,3.288507
denoise_calendar_3,9,25,3.134231
denoise_calendar_3,9,26,3.259136
denoise_calendar_3,9,27,3.312644
denoise_calendar_3,9,28,3.241964
denoise_calendar_3,9,29,3.087044
denoise_calendar_3,9,30,3.094053
denoise_calendar_3,10,1,3.064728
denoise_calendar_3,10,2,3.048146
denoise_calendar_3,10,3,3.069961
denoise_calendar_3,10,4,3.098226
denoise_calendar_3,10,5,2.889261
denoise_calendar_3,10,6,3.091467
denoise_calendar_3,10,7,3.123988
denoise_calendar_3,10,8,3.105178
denoise_calendar_3,10,9,2.988807
denoise_calendar_3,10,10,2.992946
denoise_calendar_3,10,11,2.930472
denoise_calendar_3,10,12,3.034941
denoise_calendar_3,10,13,2.919796
denoise_calendar_3,10,14,3.112939
denoise_calendar_3,10,15,3.167639
denoise_calendar_3,10,16,3.127796
denoise_calendar_3,10,17,3.092032
denoise_calendar_3,10,18,3.047325
denoise_calendar_3,10,19,3.083445
denoise_calendar_3,10,20,3.064678
denoise_calendar_3,10,21,2.972672
denoise_calendar_3,10,22,3.076223
denoise_calendar_3,10,23,3.129641
denoise_calendar_3,10,24,3.164808
denoise_calendar_3,10,25,3.122498
denoise_calendar_3,10,26,3.086846
denoise_calendar_3,10,27,3.12295
denoise_calendar_3,10,28,3.123298
denoise_calendar_3,10,29,3.109363
denoise_calendar_3,10,30,3.055793
denoise_calendar_3,11,1,2.934796
denoise_calendar_3,11,2,2.942522
denoise_calendar_3,11,3,2.941904
denoise_calendar_3,11,4,2.933116
denoise_calendar_3,11,5,2.958093
denoise_calendar_3,11,6,2.89061
denoise_calendar_3,11,7,2.948227
denoise_calendar_3,11,8,2.940647
denoise_calendar_3,11,9,2.936371
denoise_calendar_3,11,10,2.93574
denoise_calendar_3,11,11,2.939112
denoise_calendar_3,11,12,2.919101
denoise_calendar_3,11,13,2.947671
denoise_calendar_3,11,14,2.930981
denoise_calendar_3,11,15,2.963495
denoise_calendar_3,11,16,2.948069
denoise_calendar_3,11,17,2.92152
denoise_calendar_3,11,18,2.939463
denoise_calendar_3,11,19,2.946932
denoise_calendar_3,11,20,2.927681
denoise_calendar_3,11,21,2.927361
denoise_calendar_3,11,22,2.929863
denoise_calendar_3,11,23,2.903944
denoise_calendar_3,11,24,2.946455
denoise_calendar_3,11,25,2.92661
denoise_calendar_3,11,26,2.91778
denoise_calendar_3,11,27,2.927374
denoise_calendar_3,11,28,2.933696
denoise_calendar_3,11,29,2.950934
denoise_calendar_3,11,30,2.963819
denoise_calendar_3,12,1,2.90521
denoise_calendar_3,12,2,2.858704
denoise_calendar_3,12,3,2.859745
denoise_calendar_3,12,4,2.848339
denoise_calendar_3,12,5,2.87002
denoise_calendar_3,12,6,2.842688
denoise_calendar_3,12,7,2.837763
denoise_calendar_3,12,8,2.837633
denoise_calendar_3,12,9,2.839165
denoise_calendar_3,12,10,2.834906
denoise_calendar_3,12,11,2.850491
denoise_calendar_3,12,12,2.858708
denoise_calendar_3,12,13,2.840977
denoise_calendar_3,12,14,2.847599
denoise_calendar_3,12,15,2.891033
denoise_calendar_3,12,16,4.104354
denoise_calendar_3,12,17,2.616393
denoise_calendar_3,12,18,2.615738
denoise_calendar_3,12,19,2.718814
denoise_calendar_3,12,20,2.710298
denoise_calendar_3,12,21,2.829395
denoise_calendar_3,12,22,2.946953
denoise_calendar_3,12,23,2.833821
denoise_calendar_3,12,24,2.854876
denoise_calendar_3,12,25,2.759934
denoise_calendar_3,12,26,2.767437
denoise_calendar_3,12,27,2.791142
denoise_calendar_3,12,28,2.838676
denoise_calendar_3,12,29,2.76502
denoise_calendar_3,12,30,2.807791
denoise_calendar_3,13,1,2.813125
denoise_calendar_3,13,2,2.794108
denoise_calendar_3,13,3,2.794813
denoise_calendar_3,13,4,2.859819
denoise_calendar_3,13,5,2.825993
denoise_calendar_3,13,6,2.813432
denoise_calendar_3,13,7,2.898335
denoise_calendar_3,13,8,2.836688
denoise_calendar_3,13,9,2.799084
denoise_calendar_3,13,10,2.728489
denoise_calendar_3,13,11,2.724506
denoise_calendar_3,13,12,2.851706
denoise_calendar_3,13,13,2.840475
denoise_calendar_3,13,14,3.027741
denoise_calendar_3,13,15,2.773382
denoise_calendar_3,13,16,2.808534
denoise_calendar_3,13,17,2.891249
denoise_calendar_3,13,18,2.810332
denoise_calendar_3,13,19,2.826415
denoise_calendar_3,13,20,2.793263
denoise_calendar_3,13,21,2.891186
denoise_calendar_3,13,22,2.77066
denoise_calendar_3,13,23,2.807557
denoise_calendar_3,13,24,2.844186
denoise_calendar_3,13,25,2.80976
denoise_calendar_3,13,26,2.819247
denoise_calendar_3,13,27,2.870157
denoise_calendar_3,13,28,2.79261
denoise_calendar_3,13,29,2.879365
denoise_calendar_3,13,30,2.814345
denoise_calendar_3,14,1,2.679884
denoise_calendar_3,14,2,2.830815
denoise_calendar_3,14,3,2.665235
denoise_calendar_3,14,4,2.767811
denoise_calendar_3,14,5,2.677926
denoise_calendar_3,14,6,2.836357
denoise_calendar_3,14,7,2.652717
denoise_calendar_3,14,8,2.812535
denoise_calendar_3,14,9,2.792192
denoise_calendar_3,14,10,2.741325
denoise_calendar_3,14,11,2.762615
denoise_calendar_3,14,12,2.729845
denoise_calendar_3,14,13,2.724545
denoise_calendar_3,14,14,2.690047
denoise_calendar_3,14,15,2.714364
denoise_calendar_3,14,16,2.712356
denoise_calendar_3,14,17,2.737863
denoise_calendar_3,14,18,2.81591
denoise_calendar_3,14,19,2.803063
denoise_calendar_3,14,20,2.806075
denoise_calendar_3,14,21,2.802572
denoise_calendar_3,14,22,2.756917
denoise_calendar_3,14,23,2.75606
denoise_calendar_3,14,24,2.699198
denoise_calendar_3,14,25,2.699876
denoise_calendar_3,14,26,2.79741
denoise_calendar_3,14,27,2.70985
denoise_calendar_3,14,28,2.750892
denoise_calendar_3,14,29,2.86907
denoise_calendar_3,14,30,2.801248
denoise_calendar_3,15,1,2.847984
denoise_calendar_3,15,2,2.866905
denoise_calendar_3,15,3,2.852667
denoise_calendar_3,15,4,2.844503
denoise_calendar_3,15,5,2.875008
denoise_calendar_3,15,6,2.982549
denoise_calendar_3,15,7,3.011814
denoise_calendar_3,15,8,3.003697
denoise_calendar_3,15,9,2.943468
denoise_calendar_3,15,10,3.035945
denoise_calendar_3,15,11,2.833683
denoise_calendar_3,15,12,2.898403
denoise_calendar_3,15,13,2.769758
denoise_calendar_3,15,14,3.069151
denoise_calendar_3,15,15,2.84983
denoise_calendar_3,15,16,2.887043
denoise_calendar_3,15,17,2.992895
denoise_calendar_3,15,18,2.855669
denoise_calendar_3,15,19,2.81835
denoise_calendar_3,15,20,2.97555
denoise_calendar_3,15,21,2.895552
denoise_calendar_3,15,22,2.76759
denoise_calendar_3,15,23,3.002653
denoise_calendar_3,15,24,2.905397
denoise_calendar_3,15,25,2.861116
denoise_calendar_3,15,26,2.85764
denoise_calendar_3,15,27,2.902813
denoise_calendar_3,15,28,3.071971
denoise_calendar_3,15,29,2.961335
denoise_calendar_3,15,30,3.068168
denoise_calendar_3,16,1,2.909692
denoise_calendar_3,16,2,3.055835
denoise_calendar_3,16,3,3.069045
denoise_calendar_3,16,4,3.037099
denoise_calendar_3,16,5,2.828763
denoise_calendar_3,16,6,3.069137
denoise_calendar_3,16,7,2.865851
denoise_calendar_3,16,8,2.95039
denoise_calendar_3,16,9,2.865908
denoise_calendar_3,16,10,2.938033
denoise_calendar_3,16,11,2.947239
denoise_calendar_3,16,12,2.815276
denoise_calendar_3,16,13,2.890545
denoise_calendar_3,16,14,2.98523
denoise_calendar_3,16,15,2.710904
denoise_calendar_3,16,16,3.045043
denoise_calendar_3,16,17,2.957849
denoise_calendar_3,16,18,2.974601
denoise_calendar_3,16,19,2.832094
denoise_calendar_3,16,20,3.020788
denoise_calendar_3,16,21,2.679298
denoise_calendar_3,16,22,3.046425
denoise_calendar_3,16,23,2.907288
denoise_calendar_3,16,24,2.886285
denoise_calendar_3,16,25,2.975373
denoise_calendar_3,16,26,2.996466
denoise_calendar_3,16,27,2.803361
denoise_calendar_3,16,28,3.053581
denoise_calendar_3,16,29,2.989856
denoise_calendar_3,16,30,3.08334
denoise_calendar_3_lock,1,1,14.557429
denoise_calendar_3_lock,1,2,14.449947
denoise_calendar_3_lock,1,3,14.536878
denoise_calendar_3_lock,1,4,14.587109
denoise_calendar_3_lock,1,5,14.574554
denoise_calendar_3_lock,1,6,14.571715
denoise_calendar_3_lock,1,7,14.623648
denoise_calendar_3_lock,1,8,14.596856
denoise_calendar_3_lock,1,9,14.555161
denoise_calendar_3_lock,1,10,14.558353
denoise_calendar_3_lock,1,11,14.640944
denoise_calendar_3_lock,1,12,14.542707
denoise_calendar_3_lock,1,13,14.530654
denoise_calendar_3_lock,1,14,14.550738
denoise_calendar_3_lock,1,15,14.55984
denoise_calendar_3_lock,1,16,14.496426
denoise_calendar_3_lock,1,17,14.679713
denoise_calendar_3_lock,1,18,14.619175
denoise_calendar_3_lock,1,19,14.727566
denoise_calendar_3_lock,1,20,14.582331
denoise_calendar_3_lock,1,21,14.326934
denoise_calendar_3_lock,1,22,14.277111
denoise_calendar_3_lock,1,23,14.245953
denoise_calendar_3_lock,1,24,14.217165
denoise_calendar_3_lock,1,25,14.27001
denoise_calendar_3_lock,1,26,14.17179
denoise_calendar_3_lock,1,27,14.219684
denoise_calendar_3_lock,1,28,14.274791
denoise_calendar_3_lock,1,29,14.205262
denoise_calendar_3_lock,1,30,14.128689
denoise_calendar_3_lock,2,1,7.483702
denoise_calendar_3_lock,2,2,7.486342
denoise_calendar_3_lock,2,3,7.517354
denoise_calendar_3_lock,2,4,7.547448
denoise_calendar_3_lock,2,5,7.53241
denoise_calendar_3_lock,2,6,7.533517
denoise_calendar_3_lock,2,7,7.54495
denoise_calendar_3_lock,2,8,7.649489
denoise_calendar_3_lock,2,9,7.611569
denoise_calendar_3_lock,2,10,7.56373
denoise_calendar_3_lock,2,11,7.582978
denoise_calendar_3_lock,2,12,7.557662
denoise_calendar_3_lock,2,13,7.561054
denoise_calendar_3_lock,2,14,7.603111
denoise_calendar_3_lock,2,15,7.554722
denoise_calendar_3_lock,2,16,7.617473
denoise_calendar_3_lock,2,17,7.55917
denoise_calendar_3_lock,2,18,7.57402
denoise_calendar_3_lock,2,19,7.617437
denoise_calendar_3_lock,2,20,7.56993
denoise_calendar_3_lock,2,21,7.599758
denoise_calendar_3_lock,2,22,7.587722
denoise_calendar_3_lock,2,23,7.658581
denoise_calendar_3_lock,2,24,7.609026
denoise_calendar_3_lock,2,25,7.611668
denoise_calendar_3_lock,2,26,7.670991
denoise_calendar_3_lock,2,27,7.714623
denoise_calendar_3_lock,2,28,7.762179
denoise_calendar_3_lock,2,29,7.727943
denoise_calendar_3_lock,2,30,7.728265
denoise_calendar_3_lock,3,1,5.351975
denoise_calendar_3_lock,3,2,5.27805
denoise_calendar_3_lock,3,3,5.442707
denoise_calendar_3_lock,3,4,5.409815
denoise_calendar_3_lock,3,5,5.314433
denoise_calendar_3_lock,3,6,5.282412
denoise_calendar_3_lock,3,7,5.278598
denoise_calendar_3_lock,3,8,5.285252
denoise_calendar_3_lock,3,9,5.277282
denoise_calendar_3_lock,3,10,5.286503
denoise_calendar_3_lock,3,11,5.304733
denoise_calendar_3_lock,3,12,5.283725
denoise_calendar_3_lock,3,13,5.275017
denoise_calendar_3_lock,3,14,5.289247
denoise_calendar_3_lock,3,15,5.303222
denoise_calendar_3_lock,3,16,5.285154
denoise_calendar_3_lock,3,17,5.279575
denoise_calendar_3_lock,3,18,5.275495
denoise_calendar_3_lock,3,19,5.331306
denoise_calendar_3_lock,3,20,5.275681
denoise_calendar_3_lock,3,21,5.290162
denoise_calendar_3_lock,3,22,5.306811
denoise_calendar_3_lock,3,23,5.307069
denoise_calendar_3_lock,3,24,5.283886
denoise_calendar_3_lock,3,25,5.292928
denoise_calendar_3_lock,3,26,5.27964
denoise_calendar_3_lock,3,27,5.300696
denoise_calendar_3_lock,3,28,5.29376
denoise_calendar_3_lock,3,29,5.282271
denoise_calendar_3_lock,3,30,5.299984
denoise_calendar_3_lock,4,1,4.039797
denoise_calendar_3_lock,4,2,4.025083
denoise_calendar_3_lock,4,3,4.037914
denoise_calendar_3_lock,4,4,4.040424
denoise_calendar_3_lock,4,5,4.059449
denoise_calendar_3_lock,4,6,4.101134
denoise_calendar_3_lock,4,7,4.054762
denoise_calendar_3_lock,4,8,4.053561
denoise_calendar_3_lock,4,9,4.066174
denoise_calendar_3_lock,4,10,4.092736
denoise_calendar_3_lock,4,11,4.085582
denoise_calendar_3_lock,4,12,4.077984
denoise_calendar_3_lock,4,13,4.066688
denoise_calendar_3_lock,4,14,4.073588
denoise_calendar_3_lock,4,15,4.082004
denoise_calendar_3_lock,4,16,4.072156
denoise_calendar_3_lock,4,17,4.078941
denoise_calendar_3_lock,4,18,4.074486
denoise_calendar_3_lock,4,19,4.086599
denoise_calendar_3_lock,4,20,4.111801
denoise_calendar_3_lock,4,21,4.126712
denoise_calendar_3_lock,4,22,4.154386
denoise_calendar_3_lock,4,23,4.08447
denoise_calendar_3_lock,4,24,4.087075
denoise_calendar_3_lock,4,25,4.098011
denoise_calendar_3_lock,4,26,4.084634
denoise_calendar_3_lock,4,27,4.106825
denoise_calendar_3_lock,4,28,4.083575
denoise_calendar_3_lock,4,29,4.095502
denoise_calendar_3_lock,4,30,4.085476
denoise_calendar_3_lock,5,1,3.47025
denoise_calendar_3_lock,5,2,3.462743
denoise_calendar_3_lock,5,3,3.458634
denoise_calendar_3_lock,5,4,3.468137
denoise_calendar_3_lock,5,5,3.458743
denoise_calendar_3_lock,5,6,3.448538
denoise_calendar_3_lock,5,7,3.506033
denoise_calendar_3_lock,5,8,3.465035
denoise_calendar_3_lock,5,9,3.453426
denoise_calendar_3_lock,5,10,3.457861
denoise_calendar_3_lock,5,11,3.443656
denoise_calendar_3_lock,5,12,3.468875
denoise_calendar_3_lock,5,13,3.484853
denoise_calendar_3_lock,5,14,3.437111
denoise_calendar_3_lock,5,15,3.442965
denoise_calendar_3_lock,5,16,3.455767
denoise_calendar_3_lock,5,17,3.46664
denoise_calendar_3_lock,5,18,3.437434
denoise_calendar_3_lock,5,19,3.450286
denoise_calendar_3_lock,5,20,3.451626
denoise_calendar_3_lock,5,21,3.468872
denoise_calendar_3_lock,5,22,3.451245
denoise_calendar_3_lock,5,23,3.458293
denoise_calendar_3_lock,5,24,3.449816
denoise_calendar_3_lock,5,25,3.467832
denoise_calendar_3_lock,5,26,3.481044
denoise_calendar_3_lock,5,27,3.446988
denoise_calendar_3_lock,5,28,3.465242
denoise_calendar_3_lock,5,29,3.454259
denoise_calendar_3_lock,5,30,3.4496
denoise_calendar_3_lock,6,1,2.957278
denoise_calendar_3_lock,6,2,2.976832
denoise_calendar_3_lock,6,3,2.948032
denoise_calendar_3_lock,6,4,2.985754
denoise_calendar_3_lock,6,5,2.970462
denoise_calendar_3_lock,6,6,2.972333
denoise_calendar_3_lock,6,7,2.981961
denoise_calendar_3_lock,6,8,2.974036
denoise_calendar_3_lock,6,9,3.019395
denoise_calendar_3_lock,6,10,2.9924
denoise_calendar_3_lock,6,11,2.980869
denoise_calendar_3_lock,6,12,3.00371
denoise_calendar_3_lock,6,13,2.993621
denoise_calendar_3_lock,6,14,2.995188
denoise_calendar_3_lock,6,15,3.019685
denoise_calendar_3_lock,6,16,2.990721
denoise_calendar_3_lock,6,17,3.04555
denoise_calendar_3_lock,6,18,2.984638
denoise_calendar_3_lock,6,19,3.000242
denoise_calendar_3_lock,6,20,3.000756
denoise_calendar_3_lock,6,21,2.980738
denoise_calendar_3_lock,6,22,3.007381
denoise_calendar_3_lock,6,23,2.986121
denoise_calendar_3_lock,6,24,3.017475
denoise_calendar_3_lock,6,25,3.029538
denoise_calendar_3_lock,6,26,2.981461
denoise_calendar_3_lock,6,27,2.99856
denoise_calendar_3_lock,6,28,2.98817
denoise_calendar_3_lock,6,29,3.01579
denoise_calendar_3_lock,6,30,3.007485
denoise_calendar_3_lock,7,1,2.967234
denoise_calendar_3_lock,7,2,3.038723
denoise_calendar_3_lock,7,3,2.90203
denoise_calendar_3_lock,7,4,2.975629
denoise_calendar_3_lock,7,5,2.973473
denoise_calendar_3_lock,7,6,2.972717
denoise_calendar_3_lock,7,7,2.903853
denoise_calendar_3_lock,7,8,2.989138
denoise_calendar_3_lock,7,9,3.007641
denoise_calendar_3_lock,7,10,2.910966
denoise_calendar_3_lock,7,11,2.901753
denoise_calendar_3_lock,7,12,2.922146
denoise_calendar_3_lock,7,13,2.942205
denoise_calendar_3_lock,7,14,2.930392
denoise_calendar_3_lock,7,15,2.939979
denoise_calendar_3_lock,7,16,2.887362
denoise_calendar_3_lock,7,17,2.945624
denoise_calendar_3_lock,7,18,2.903227
denoise_calendar_3_lock,7,19,2.993854
denoise_calendar_3_lock,7,20,2.911187
denoise_calendar_3_lock,7,21,2.969648
denoise_calendar_3_lock,7,22,2.925355
denoise_calendar_3_lock,7,23,2.906889
denoise_calendar_3_lock,7,24,2.94038
denoise_calendar_3_lock,7,25,2.902626
denoise_calendar_3_lock,7,26,2.896418
denoise_calendar_3_lock,7,27,2.920349
denoise_calendar_3_lock,7,28,2.971535
denoise_calendar_3_lock,7,29,2.948504
denoise_calendar_3_lock,7,30,2.904548
denoise_calendar_3_lock,8,1,2.886854
denoise_calendar_3_lock,8,2,2.82235
denoise_calendar_3_lock,8,3,2.84722
denoise_calendar_3_lock,8,4,2.839361
denoise_calendar_3_lock,8,5,2.841774
denoise_calendar_3_lock,8,6,2.852182
denoise_calendar_3_lock,8,7,2.791324
denoise_calendar_3_lock,8,8,2.840321
denoise_calendar_3_lock,8,9,2.776305
denoise_calendar_3_lock,8,10,2.870381
denoise_calendar_3_lock,8,11,2.849278
denoise_calendar_3_lock,8,12,2.840293
denoise_calendar_3_lock,8,13,2.847281
denoise_calendar_3_lock,8,14,2.814236
denoise_calendar_3_lock,8,15,2.804183
denoise_calendar_3_lock,8,16,2.832617
denoise_calendar_3_lock,8,17,2.859923
denoise_calendar_3_lock,8,18,2.862141
denoise_calendar_3_lock,8,19,2.838958
denoise_calendar_3_lock,8,20,2.861729
denoise_calendar_3_lock,8,21,2.816722
denoise_calendar_3_lock,8,22,2.807124
denoise_calendar_3_lock,8,23,2.809445
denoise_calendar_3_lock,8,24,2.827252
denoise_calendar_3_lock,8,25,2.797314
denoise_calendar_3_lock,8,26,2.864225
denoise_calendar_3_lock,8,27,2.784669
denoise_calendar_3_lock,8,28,2.787711
denoise_calendar_3_lock,8,29,2.807764
denoise_calendar_3_lock,8,30,2.79371
denoise_calendar_3_lock,9,1,2.808839
denoise_calendar_3_lock,9,2,2.767686
denoise_calendar_3_lock,9,3,2.773971
denoise_calendar_3_lock,9,4,2.77977
denoise_calendar_3_lock,9,5,2.744003
denoise_calendar_3_lock,9,6,2.740944
denoise_calendar_3_lock,9,7,2.733418
denoise_calendar_3_lock,9,8,2.777029
denoise_calendar_3_lock,9,9,2.767565
denoise_calendar_3_lock,9,10,2.779468
denoise_calendar_3_lock,9,11,2.777047
denoise_calendar_3_lock,9,12,2.749796
denoise_calendar_3_lock,9,13,2.75035
denoise_calendar_3_lock,9,14,2.750032
denoise_calendar_3_lock,9,15,2.736221
denoise_calendar_3_lock,9,16,2.771069
denoise_calendar_3_lock,9,17,2.774454
denoise_calendar_3_lock,9,18,2.742191
denoise_calendar_3_lock,9,19,2.734775
denoise_calendar_3_lock,9,20,2.738829
denoise_calendar_3_lock,9,21,2.779539
denoise_calendar_3_lock,9,22,2.775493
denoise_calendar_3_lock,9,23,2.759903
denoise_calendar_3_lock,9,24,2.781687
denoise_calendar_3_lock,9,25,2.769232
denoise_calendar_3_lock,9,26,2.74496
denoise_calendar_3_lock,9,27,2.772338
denoise_calendar_3_lock,9,28,2.772325
denoise_calendar_3_lock,9,29,2.752914
denoise_calendar_3_lock,9,30,2.74239
denoise_calendar_3_lock,10,1,2.742233
denoise_calendar_3_lock,10,2,2.672239
denoise_calendar_3_lock,10,3,2.69507
denoise_calendar_3_lock,10,4,2.702587
denoise_calendar_3_lock,10,5,2.732007
denoise_calendar_3_lock,10,6,2.701587
denoise_calendar_3_lock,10,7,2.740352
denoise_calendar_3_lock,10,8,2.68099
denoise_calendar_3_lock,10,9,2.724436
denoise_calendar_3_lock,10,10,2.720903
denoise_calendar_3_lock,10,11,2.708064
denoise_calendar_3_lock,10,12,2.703548
denoise_calendar_3_lock,10,13,2.701273
denoise_calendar_3_lock,10,14,2.719145
denoise_calendar_3_lock,10,15,2.69899
denoise_calendar_3_lock,10,16,2.712095
denoise_calendar_3_lock,10,17,2.706413
denoise_calendar_3_lock,10,18,2.726719
denoise_calendar_3_lock,10,19,2.698295
denoise_calendar_3_lock,10,20,2.709833
denoise_calendar_3_lock,10,21,2.697976
denoise_calendar_3_lock,10,22,2.73202
denoise_calendar_3_lock,10,23,2.686678
denoise_calendar_3_lock,10,24,2.669208
denoise_calendar_3_lock,10,25,2.707591
denoise_calendar_3_lock,10,26,2.705231
denoise_calendar_3_lock,10,27,2.694176
denoise_calendar_3_lock,10,28,2.707794
denoise_calendar_3_lock,10,29,2.734599
denoise_calendar_3_lock,10,30,2.727272
denoise_calendar_3_lock,11,1,2.664846
denoise_calendar_3_lock,11,2,2.617148
denoise_calendar_3_lock,11,3,2.644794
denoise_calendar_3_lock,11,4,2.638019
denoise_calendar_3_lock,11,5,2.692425
denoise_calendar_3_lock,11,6,2.639075
denoise_calendar_3_lock,11,7,2.619024
denoise_calendar_3_lock,11,8,2.645948
denoise_calendar_3_lock,11,9,2.629814
denoise_calendar_3_lock,11,10,2.66783
denoise_calendar_3_lock,11,11,2.638693
denoise_calendar_3_lock,11,12,2.629837
denoise_calendar_3_lock,11,13,2.614585
denoise_calendar_3_lock,11,14,2.669752
denoise_calendar_3_lock,11,15,2.624667
denoise_calendar_3_lock,11,16,2.637854
denoise_calendar_3_lock,11,17,2.635466
denoise_calendar_3_lock,11,18,2.615224
denoise_calendar_3_lock,11,19,2.632565
denoise_calendar_3_lock,11,20,2.636055
denoise_calendar_3_lock,11,21,2.625318
denoise_calendar_3_lock,11,22,2.649641
denoise_calendar_3_lock,11,23,2.675615
denoise_calendar_3_lock,11,24,2.660829
denoise_calendar_3_lock,11,25,2.635845
denoise_calendar_3_lock,11,26,2.632861
denoise_calendar_3_lock,11,27,2.649403
denoise_calendar_3_lock,11,28,2.63089
denoise_calendar_3_lock,11,29,2.64866
denoise_calendar_3_lock,11,30,2.634254
denoise_calendar_3_lock,12,1,2.628188
denoise_calendar_3_lock,12,2,2.589637
denoise_calendar_3_lock,12,3,2.59202
denoise_calendar_3_lock,12,4,2.583833
denoise_calendar_3_lock,12,5,2.589403
denoise_calendar_3_lock,12,6,2.572632
denoise_calendar_3_lock,12,7,2.59633
denoise_calendar_3_lock,12,8,2.573896
denoise_calendar_3_lock,12,9,2.630374
denoise_calendar_3_lock,12,10,2.583271
denoise_calendar_3_lock,12,11,2.589262
denoise_calendar_3_lock,12,12,2.573315
denoise_calendar_3_lock,12,13,2.601476
denoise_calendar_3_lock,12,14,2.581226
denoise_calendar_3_lock,12,15,2.60096
denoise_calendar_3_lock,12,16,2.580676
denoise_calendar_3_lock,12,17,2.64073
denoise_calendar_3_lock,12,18,2.592502
denoise_calendar_3_lock,12,19,2.628592
denoise_calendar_3_lock,12,20,2.576976
denoise_calendar_3_lock,12,21,2.6057
denoise_calendar_3_lock,12,22,2.574488
denoise_calendar_3_lock,12,23,2.598958
denoise_calendar_3_lock,12,24,2.579367
denoise_calendar_3_lock,12,25,2.59427
denoise_calendar_3_lock,12,26,2.615818
denoise_calendar_3_lock,12,27,2.578896
denoise_calendar_3_lock,12,28,2.588623
denoise_calendar_3_lock,12,29,2.577079
denoise_calendar_3_lock,12,30,2.602031
denoise_calendar_3_lock,13,1,2.595829
denoise_calendar_3_lock,13,2,2.589271
denoise_calendar_3_lock,13,3,2.575144
denoise_calendar_3_lock,13,4,2.591329
denoise_calendar_3_lock,13,5,2.578149
denoise_calendar_3_lock,13,6,2.590491
denoise_calendar_3_lock,13,7,2.570677
denoise_calendar_3_lock,13,8,2.597475
denoise_calendar_3_lock,13,9,2.559354
denoise_calendar_3_lock,13,10,2.628834
denoise_calendar_3_lock,13,11,2.583478
denoise_calendar_3_lock,13,12,2.623884
denoise_calendar_3_lock,13,13,2.607658
denoise_calendar_3_lock,13,14,2.604001
denoise_calendar_3_lock,13,15,2.594621
denoise_calendar_3_lock,13,16,2.593211
denoise_calendar_3_lock,13,17,2.574847
denoise_calendar_3_lock,13,18,2.645611
denoise_calendar_3_lock,13,19,2.576726
denoise_calendar_3_lock,13,20,2.593451
denoise_calendar_3_lock,13,21,2.585781
denoise_calendar_3_lock,13,22,2.582357
denoise_calendar_3_lock,13,23,2.582892
denoise_calendar_3_lock,13,24,2.595503
denoise_calendar_3_lock,13,25,2.586942
denoise_calendar_3_lock,13,26,2.600494
denoise_calendar_3_lock,13,27,2.61133
denoise_calendar_3_lock,13,28,2.603416
denoise_calendar_3_lock,13,29,2.581385
denoise_calendar_3_lock,13,30,2.605742
denoise_calendar_3_lock,14,1,2.62317
denoise_calendar_3_lock,14,2,2.602658
denoise_calendar_3_lock,14,3,2.580664
denoise_calendar_3_lock,14,4,2.605022
denoise_calendar_3_lock,14,5,2.586325
denoise_calendar_3_lock,14,6,2.626941
denoise_calendar_3_lock,14,7,2.595633
denoise_calendar_3_lock,14,8,2.60498
denoise_calendar_3_lock,14,9,2.57154
denoise_calendar_3_lock,14,10,2.632759
denoise_calendar_3_lock,14,11,2.601844
denoise_calendar_3_lock,14,12,2.591455
denoise_calendar_3_lock,14,13,2.574478
denoise_calendar_3_lock,14,14,2.60737
denoise_calendar_3_lock,14,15,2.602905
denoise_calendar_3_lock,14,16,2.66267
denoise_calendar_3_lock,14,17,2.600718
denoise_calendar_3_lock,14,18,2.607395
denoise_calendar_3_lock,14,19,2.603719
denoise_calendar_3_lock,14,20,2.585001
denoise_calendar_3_lock,14,21,2.608018
denoise_calendar_3_lock,14,22,2.590789
denoise_calendar_3_lock,14,23,2.602466
denoise_calendar_3_lock,14,24,2.592942
denoise_calendar_3_lock,14,25,2.623371
denoise_calendar_3_lock,14,26,2.579838
denoise_calendar_3_lock,14,27,2.650176
denoise_calendar_3_lock,14,28,2.595368
denoise_calendar_3_lock,14,29,2.603753
denoise_calendar_3_lock,14,30,2.609966
denoise_calendar_3_lock,15,1,2.632662
denoise_calendar_3_lock,15,2,2.607348
denoise_calendar_3_lock,15,3,2.595775
denoise_calendar_3_lock,15,4,2.569942
denoise_calendar_3_lock,15,5,2.625712
denoise_calendar_3_lock,15,6,2.586566
denoise_calendar_3_lock,15,7,2.586343
denoise_calendar_3_lock,15,8,2.578417
denoise_calendar_3_lock,15,9,2.629696
denoise_calendar_3_lock,15,10,2.57798
denoise_calendar_3_lock,15,11,2.591405
denoise_calendar_3_lock,15,12,2.574932
denoise_calendar_3_lock,15,13,2.603878
denoise_calendar_3_lock,15,14,2.579972
denoise_calendar_3_lock,15,15,2.606003
denoise_calendar_3_lock,15,16,2.581913
denoise_calendar_3_lock,15,17,2.622243
denoise_calendar_3_lock,15,18,2.574559
denoise_calendar_3_lock,15,19,2.605607
denoise_calendar_3_lock,15,20,2.580952
denoise_calendar_3_lock,15,21,2.584122
denoise_calendar_3_lock,15,22,2.586387
denoise_calendar_3_lock,15,23,2.616099
denoise_calendar_3_lock,15,24,2.618567
denoise_calendar_3_lock,15,25,2.603568
denoise_calendar_3_lock,15,26,2.718807
denoise_calendar_3_lock,15,27,2.61743
denoise_calendar_3_lock,15,28,2.607464
denoise_calendar_3_lock,15,29,2.589124
denoise_calendar_3_lock,15,30,2.590384
denoise_calendar_3_lock,16,1,2.621803
denoise_calendar_3_lock,16,2,2.594264
denoise_calendar_3_lock,16,3,2.589688
denoise_calendar_3_lock,16,4,2.596024
denoise_calendar_3_lock,16,5,2.588512
denoise_calendar_3_lock,16,6,2.591845
denoise_calendar_3_lock,16,7,2.59192
denoise_calendar_3_lock,16,8,2.590757
denoise_calendar_3_lock,16,9,2.591632
denoise_calendar_3_lock,16,10,2.621509
denoise_calendar_3_lock,16,11,2.587804
denoise_calendar_3_lock,16,12,2.590697
denoise_calendar_3_lock,16,13,2.587228
denoise_calendar_3_lock,16,14,2.585945
denoise_calendar_3_lock,16,15,2.583556
denoise_calendar_3_lock,16,16,2.597484
denoise_calendar_3_lock,16,17,2.600615
denoise_calendar_3_lock,16,18,2.63238
denoise_calendar_3_lock,16,19,2.607748
denoise_calendar_3_lock,16,20,2.626983
denoise_calendar_3_lock,16,21,2.600042
denoise_calendar_3_lock,16,22,2.606332
denoise_calendar_3_lock,16,23,2.594795
denoise_calendar_3_lock,16,24,2.604487
denoise_calendar_3_lock,16,25,2.586256
denoise_calendar_3_lock,16,26,2.623892
denoise_calendar_3_lock,16,27,2.590108
denoise_calendar_3_lock,16,28,2.610788
denoise_calendar_3_lock,16,29,2.577134
denoise_calendar_3_lock,16,30,2.59784
denoise_calendar_final,1,1,12.784441
denoise_calendar_final,1,2,12.683525
denoise_calendar_final,1,3,12.749553
denoise_calendar_final,1,4,12.768703
denoise_calendar_final,1,5,12.697599
denoise_calendar_final,1,6,12.797661
denoise_calendar_final,1,7,12.558653
denoise_calendar_final,1,8,12.493627
denoise_calendar_final,1,9,12.594853
denoise_calendar_final,1,10,12.549582
denoise_calendar_final,1,11,12.55061
denoise_calendar_final,1,12,12.57129
denoise_calendar_final,1,13,12.568146
denoise_calendar_final,1,14,12.542723
denoise_calendar_final,1,15,12.480711
denoise_calendar_final,1,16,12.549241
denoise_calendar_final,1,17,12.55198
denoise_calendar_final,1,18,12.581345
denoise_calendar_final,1,19,12.55045
denoise_calendar_final,1,20,12.533838
denoise_calendar_final,1,21,12.457441
denoise_calendar_final,1,22,12.456614
denoise_calendar_final,1,23,12.446575
denoise_calendar_final,1,24,12.493778
denoise_calendar_final,1,25,12.537161
denoise_calendar_final,1,26,12.510228
denoise_calendar_final,1,27,12.488466
denoise_calendar_final,1,28,12.525581
denoise_calendar_final,1,29,12.545673
denoise_calendar_final,1,30,12.526281
denoise_calendar_final,2,1,6.536901
denoise_calendar_final,2,2,6.567436
denoise_calendar_final,2,3,6.582421
denoise_calendar_final,2,4,6.591865
denoise_calendar_final,2,5,6.603492
denoise_calendar_final,2,6,6.640353
denoise_calendar_final,2,7,6.616495
denoise_calendar_final,2,8,6.6193
denoise_calendar_final,2,9,6.626422
denoise_calendar_final,2,10,6.621267
denoise_calendar_final,2,11,6.627926
denoise_calendar_final,2,12,6.652367
denoise_calendar_final,2,13,6.628333
denoise_calendar_final,2,14,6.634649
denoise_calendar_final,2,15,6.62046
denoise_calendar_final,2,16,6.63436
denoise_calendar_final,2,17,6.641165
denoise_calendar_final,2,18,6.636819
denoise_calendar_final,2,19,6.636056
denoise_calendar_final,2,20,6.616946
denoise_calendar_final,2,21,6.619249
denoise_calendar_final,2,22,6.629249
denoise_calendar_final,2,23,6.629361
denoise_calendar_final,2,24,6.626964
denoise_calendar_final,2,25,6.659469
denoise_calendar_final,2,26,6.635229
denoise_calendar_final,2,27,6.63686
denoise_calendar_final,2,28,6.633898
denoise_calendar_final,2,29,6.635595
denoise_calendar_final,2,30,6.636099
denoise_calendar_final,3,1,4.547827
denoise_calendar_final,3,2,4.538077
denoise_calendar_final,3,3,4.548551
denoise_calendar_final,3,4,4.546306
denoise_calendar_final,3,5,4.556712
denoise_calendar_final,3,6,4.559998
denoise_calendar_final,3,7,4.574943
denoise_calendar_final,3,8,4.555184
denoise_calendar_final,3,9,4.57478
denoise_calendar_final,3,10,4.562816
denoise_calendar_final,3,11,4.557863
denoise_calendar_final,3,12,4.573528
denoise_calendar_final,3,13,4.59805
denoise_calendar_final,3,14,4.585862
denoise_calendar_final,3,15,4.58425
denoise_calendar_final,3,16,4.577081
denoise_calendar_final,3,17,4.585425
denoise_calendar_final,3,18,4.568301
denoise_calendar_final,3,19,4.582272
denoise_calendar_final,3,20,4.596631
denoise_calendar_final,3,21,4.58597
denoise_calendar_final,3,22,4.593971
denoise_calendar_final,3,23,4.598033
denoise_calendar_final,3,24,4.587379
denoise_calendar_final,3,25,4.580932
denoise_calendar_final,3,26,4.589274
denoise_calendar_final,3,27,4.601759
denoise_calendar_final,3,28,4.572366
denoise_calendar_final,3,29,4.598999
denoise_calendar_final,3,30,4.587555
denoise_calendar_final,4,1,3.485984
denoise_calendar_final,4,2,3.471247
denoise_calendar_final,4,3,3.485778
denoise_calendar_final,4,4,3.476752
denoise_calendar_final,4,5,3.483936
denoise_calendar_final,4,6,3.497452
denoise_calendar_final,4,7,3.497094
denoise_calendar_final,4,8,3.499077
denoise_calendar_final,4,9,3.526856
denoise_calendar_final,4,10,3.503532
denoise_calendar_final,4,11,3.514198
denoise_calendar_final,4,12,3.501001
denoise_calendar_final,4,13,3.511071
denoise_calendar_final,4,14,3.51468
denoise_calendar_final,4,15,3.501168
denoise_calendar_final,4,16,3.537512
denoise_calendar_final,4,17,3.520101
denoise_calendar_final,4,18,3.509064
denoise_calendar_final,4,19,3.512839
denoise_calendar_final,4,20,3.513268
denoise_calendar_final,4,21,3.520817
denoise_calendar_final,4,22,3.514984
denoise_calendar_final,4,23,3.517245
denoise_calendar_final,4,24,3.541153
denoise_calendar_final,4,25,3.510922
denoise_calendar_final,4,26,3.533331
denoise_calendar_final,4,27,3.529307
denoise_calendar_final,4,28,3.528776
denoise_calendar_final,4,29,3.522103
denoise_calendar_final,4,30,3.525623
denoise_calendar_final,5,1,2.98668
denoise_calendar_final,5,2,2.966911
denoise_calendar_final,5,3,2.959392
denoise_calendar_final,5,4,2.953603
denoise_calendar_final,5,5,2.953141
denoise_calendar_final,5,6,2.959263
denoise_calendar_final,5,7,2.96311
denoise_calendar_final,5,8,2.976379
denoise_calendar_final,5,9,2.973578
denoise_calendar_final,5,10,2.966688
denoise_calendar_final,5,11,2.960206
denoise_calendar_final,5,12,2.952126
denoise_calendar_final,5,13,2.95122
denoise_calendar_final,5,14,2.953796
denoise_calendar_final,5,15,2.956963
denoise_calendar_final,5,16,2.955775
denoise_calendar_final,5,17,2.989953
denoise_calendar_final,5,18,2.959888
denoise_calendar_final,5,19,2.965702
denoise_calendar_final,5,20,2.956272
denoise_calendar_final,5,21,2.961094
denoise_calendar_final,5,22,2.970547
denoise_calendar_final,5,23,3.029322
denoise_calendar_final,5,24,2.952696
denoise_calendar_final,5,25,2.974508
denoise_calendar_final,5,26,2.956204
denoise_calendar_final,5,27,2.960623
denoise_calendar_final,5,28,2.962638
denoise_calendar_final,5,29,2.960295
denoise_calendar_final,5,30,2.958878
denoise_calendar_final,6,1,2.548992
denoise_calendar_final,6,2,2.529055
denoise_calendar_final,6,3,2.520293
denoise_calendar_final,6,4,2.5457
denoise_calendar_final,6,5,2.521074
denoise_calendar_final,6,6,2.542266
denoise_calendar_final,6,7,2.548997
denoise_calendar_final,6,8,2.611031
denoise_calendar_final,6,9,2.537896
denoise_calendar_final,6,10,2.576953
denoise_calendar_final,6,11,2.550159
denoise_calendar_final,6,12,2.563491
denoise_calendar_final,6,13,2.532877
denoise_calendar_final,6,14,2.540662
denoise_calendar_final,6,15,2.554897
denoise_calendar_final,6,16,2.542691
denoise_calendar_final,6,17,2.577348
denoise_calendar_final,6,18,2.535412
denoise_calendar_final,6,19,2.556918
denoise_calendar_final,6,20,2.540345
denoise_calendar_final,6,21,2.54938
denoise_calendar_final,6,22,2.538907
denoise_calendar_final,6,23,2.572653
denoise_calendar_final,6,24,2.538277
denoise_calendar_final,6,25,2.587822
denoise_calendar_final,6,26,2.542682
denoise_calendar_final,6,27,2.556316
denoise_calendar_final,6,28,2.540134
denoise_calendar_final,6,29,2.566281
denoise_calendar_final,6,30,2.549529
denoise_calendar_final,7,1,2.544187
denoise_calendar_final,7,2,2.491109
denoise_calendar_final,7,3,2.485654
denoise_calendar_final,7,4,2.477905
denoise_calendar_final,7,5,2.526166
denoise_calendar_final,7,6,2.471749
denoise_calendar_final,7,7,2.556401
denoise_calendar_final,7,8,2.461315
denoise_calendar_final,7,9,2.508139
denoise_calendar_final,7,10,2.535484
denoise_calendar_final,7,11,2.502878
denoise_calendar_final,7,12,2.492192
denoise_calendar_final,7,13,2.488303
denoise_calendar_final,7,14,2.507856
denoise_calendar_final,7,15,2.509225
denoise_calendar_final,7,16,2.504668
denoise_calendar_final,7,17,2.544644
denoise_calendar_final,7,18,2.499528
denoise_calendar_final,7,19,2.519041
denoise_calendar_final,7,20,2.495211
denoise_calendar_final,7,21,2.476752
denoise_calendar_final,7,22,2.466033
denoise_calendar_final,7,23,2.495431
denoise_calendar_final,7,24,2.483134
denoise_calendar_final,7,25,2.521067
denoise_calendar_final,7,26,2.486899
denoise_calendar_final,7,27,2.531589
denoise_calendar_final,7,28,2.498643
denoise_calendar_final,7,29,2.536394
denoise_calendar_final,7,30,2.514487
denoise_calendar_final,8,1,2.515739
denoise_calendar_final,8,2,2.450651
denoise_calendar_final,8,3,2.469843
denoise_calendar_final,8,4,2.427722
denoise_calendar_final,8,5,2.470605
denoise_calendar_final,8,6,2.427378
denoise_calendar_final,8,7,2.444351
denoise_calendar_final,8,8,2.455529
denoise_calendar_final,8,9,2.44603
denoise_calendar_final,8,10,2.454812
denoise_calendar_final,8,11,2.47544
denoise_calendar_final,8,12,2.446356
denoise_calendar_final,8,13,2.476764
denoise_calendar_final,8,14,2.463731
denoise_calendar_final,8,15,2.472978
denoise_calendar_final,8,16,2.449321
denoise_calendar_final,8,17,2.466924
denoise_calendar_final,8,18,2.46773
denoise_calendar_final,8,19,2.47603
denoise_calendar_final,8,20,2.458475
denoise_calendar_final,8,21,2.446176
denoise_calendar_final,8,22,2.462919
denoise_calendar_final,8,23,2.483449
denoise_calendar_final,8,24,2.43398
denoise_calendar_final,8,25,2.476703
denoise_calendar_final,8,26,2.460674
denoise_calendar_final,8,27,2.510171
denoise_calendar_final,8,28,2.441396
denoise_calendar_final,8,29,2.468744
denoise_calendar_final,8,30,2.453616
denoise_calendar_final,9,1,2.4164
denoise_calendar_final,9,2,2.390787
denoise_calendar_final,9,3,2.392743
denoise_calendar_final,9,4,2.378669
denoise_calendar_final,9,5,2.428867
denoise_calendar_final,9,6,2.389298
denoise_calendar_final,9,7,2.418682
denoise_calendar_final,9,8,2.404294
denoise_calendar_final,9,9,2.415229
denoise_calendar_final,9,10,2.422625
denoise_calendar_final,9,11,2.435124
denoise_calendar_final,9,12,2.402061
denoise_calendar_final,9,13,2.399802
denoise_calendar_final,9,14,2.3872
denoise_calendar_final,9,15,2.421621
denoise_calendar_final,9,16,2.401542
denoise_calendar_final,9,17,2.40665
denoise_calendar_final,9,18,2.417406
denoise_calendar_final,9,19,2.423183
denoise_calendar_final,9,20,2.396102
denoise_calendar_final,9,21,2.410542
denoise_calendar_final,9,22,2.41519
denoise_calendar_final,9,23,2.424747
denoise_calendar_final,9,24,2.397701
denoise_calendar_final,9,25,2.403269
denoise_calendar_final,9,26,2.419096
denoise_calendar_final,9,27,2.375197
denoise_calendar_final,9,28,2.466596
denoise_calendar_final,9,29,2.417989
denoise_calendar_final,9,30,2.396436
denoise_calendar_final,10,1,2.392553
denoise_calendar_final,10,2,2.346387
denoise_calendar_final,10,3,2.362195
denoise_calendar_final,10,4,2.366505
denoise_calendar_final,10,5,2.373054
denoise_calendar_final,10,6,2.396949
denoise_calendar_final,10,7,2.380116
denoise_calendar_final,10,8,2.388512
denoise_calendar_final,10,9,2.390013
denoise_calendar_final,10,10,2.373123
denoise_calendar_final,10,11,2.344712
denoise_calendar_final,10,12,2.372947
denoise_calendar_final,10,13,2.357662
denoise_calendar_final,10,14,2.373907
denoise_calendar_final,10,15,2.360374
denoise_calendar_final,10,16,2.375954
denoise_calendar_final,10,17,2.369857
denoise_calendar_final,10,18,2.409728
denoise_calendar_final,10,19,2.376724
denoise_calendar_final,10,20,2.331578
denoise_calendar_final,10,21,2.362666
denoise_calendar_final,10,22,2.338407
denoise_calendar_final,10,23,2.384811
denoise_calendar_final,10,24,2.369857
denoise_calendar_final,10,25,2.379302
denoise_calendar_final,10,26,2.368518
denoise_calendar_final,10,27,2.414616
denoise_calendar_final,10,28,2.375038
denoise_calendar_final,10,29,2.376762
denoise_calendar_final,10,30,2.358436
denoise_calendar_final,11,1,2.376096
denoise_calendar_final,11,2,2.306525
denoise_calendar_final,11,3,2.307959
denoise_calendar_final,11,4,2.322132
denoise_calendar_final,11,5,2.312314
denoise_calendar_final,11,6,2.320714
denoise_calendar_final,11,7,2.363356
denoise_calendar_final,11,8,2.315833
denoise_calendar_final,11,9,2.319354
denoise_calendar_final,11,10,2.322598
denoise_calendar_final,11,11,2.31736
denoise_calendar_final,11,12,2.323074
denoise_calendar_final,11,13,2.321351
denoise_calendar_final,11,14,2.357289
denoise_calendar_final,11,15,2.301861
denoise_calendar_final,11,16,2.37714
denoise_calendar_final,11,17,2.300377
denoise_calendar_final,11,18,2.405188
denoise_calendar_final,11,19,2.320681
denoise_calendar_final,11,20,2.331905
denoise_calendar_final,11,21,2.315781
denoise_calendar_final,11,22,2.321088
denoise_calendar_final,11,23,2.308993
denoise_calendar_final,11,24,2.315934
denoise_calendar_final,11,25,2.349364
denoise_calendar_final,11,26,2.311815
denoise_calendar_final,11,27,2.323508
denoise_calendar_final,11,28,2.307303
denoise_calendar_final,11,29,2.3158
denoise_calendar_final,11,30,2.293364
denoise_calendar_final,12,1,2.332905
denoise_calendar_final,12,2,2.275738
denoise_calendar_final,12,3,2.29025
denoise_calendar_final,12,4,2.29587
denoise_calendar_final,12,5,2.278395
denoise_calendar_final,12,6,2.292057
denoise_calendar_final,12,7,2.26644
denoise_calendar_final,12,8,2.292775
denoise_calendar_final,12,9,2.282199
denoise_calendar_final,12,10,2.327612
denoise_calendar_final,12,11,2.291619
denoise_calendar_final,12,12,2.28278
denoise_calendar_final,12,13,2.312014
denoise_calendar_final,12,14,2.287871
denoise_calendar_final,12,15,2.279654
denoise_calendar_final,12,16,2.265353
denoise_calendar_final,12,17,2.286949
denoise_calendar_final,12,18,2.304729
denoise_calendar_final,12,19,2.293538
denoise_calendar_final,12,20,2.267852
denoise_calendar_final,12,21,2.290753
denoise_calendar_final,12,22,2.260517
denoise_calendar_final,12,23,2.302024
denoise_calendar_final,12,24,2.27217
denoise_calendar_final,12,25,2.273211
denoise_calendar_final,12,26,2.272639
denoise_calendar_final,12,27,2.311663
denoise_calendar_final,12,28,2.284349
denoise_calendar_final,12,29,2.270222
denoise_calendar_final,12,30,2.293336
denoise_calendar_final,13,1,2.296879
denoise_calendar_final,13,2,2.297605
denoise_calendar_final,13,3,2.274216
denoise_calendar_final,13,4,2.291173
denoise_calendar_final,13,5,2.274375
denoise_calendar_final,13,6,2.275312
denoise_calendar_final,13,7,2.27747
denoise_calendar_final,13,8,2.269313
denoise_calendar_final,13,9,2.312449
denoise_calendar_final,13,10,2.310298
denoise_calendar_final,13,11,2.3038
denoise_calendar_final,13,12,2.275828
denoise_calendar_final,13,13,2.306345
denoise_calendar_final,13,14,2.279661
denoise_calendar_final,13,15,2.288195
denoise_calendar_final,13,16,2.270771
denoise_calendar_final,13,17,2.271897
denoise_calendar_final,13,18,2.301591
denoise_calendar_final,13,19,2.295825
denoise_calendar_final,13,20,2.292588
denoise_calendar_final,13,21,2.275305
denoise_calendar_final,13,22,2.296632
denoise_calendar_final,13,23,2.278653
denoise_calendar_final,13,24,2.294519
denoise_calendar_final,13,25,2.278362
denoise_calendar_final,13,26,2.287754
denoise_calendar_final,13,27,2.274259
denoise_calendar_final,13,28,2.298029
denoise_calendar_final,13,29,2.29156
denoise_calendar_final,13,30,2.272925
denoise_calendar_final,14,1,2.325928
denoise_calendar_final,14,2,2.267878
denoise_calendar_final,14,3,2.305431
denoise_calendar_final,14,4,2.285708
denoise_calendar_final,14,5,2.295304
denoise_calendar_final,14,6,2.293148
denoise_calendar_final,14,7,2.277287
denoise_calendar_final,14,8,2.291582
denoise_calendar_final,14,9,2.268338
denoise_calendar_final,14,10,2.292
denoise_calendar_final,14,11,2.331807
denoise_calendar_final,14,12,2.305513
denoise_calendar_final,14,13,2.278906
denoise_calendar_final,14,14,2.300011
denoise_calendar_final,14,15,2.26846
denoise_calendar_final,14,16,2.282783
denoise_calendar_final,14,17,2.268197
denoise_calendar_final,14,18,2.266425
denoise_calendar_final,14,19,2.309637
denoise_calendar_final,14,20,2.259678
denoise_calendar_final,14,21,2.28544
denoise_calendar_final,14,22,2.27491
denoise_calendar_final,14,23,2.291746
denoise_calendar_final,14,24,2.262979
denoise_calendar_final,14,25,2.305931
denoise_calendar_final,14,26,2.266902
denoise_calendar_final,14,27,2.272574
denoise_calendar_final,14,28,2.272059
denoise_calendar_final,14,29,2.303527
denoise_calendar_final,14,30,2.301449
denoise_calendar_final,15,1,2.320659
denoise_calendar_final,15,2,2.305874
denoise_calendar_final,15,3,2.272408
denoise_calendar_final,15,4,2.318295
denoise_calendar_final,15,5,2.265874
denoise_calendar_final,15,6,2.314854
denoise_calendar_final,15,7,2.269204
denoise_calendar_final,15,8,2.277689
denoise_calendar_final,15,9,2.261212
denoise_calendar_final,15,10,2.317878
denoise_calendar_final,15,11,2.295407
denoise_calendar_final,15,12,2.279276
denoise_calendar_final,15,13,2.28078
denoise_calendar_final,15,14,2.321349
denoise_calendar_final,15,15,2.301115
denoise_calendar_final,15,16,2.269729
denoise_calendar_final,15,17,2.288137
denoise_calendar_final,15,18,2.270837
denoise_calendar_final,15,19,2.269464
denoise_calendar_final,15,20,2.26178
denoise_calendar_final,15,21,2.263334
denoise_calendar_final,15,22,2.294049
denoise_calendar_final,15,23,2.290003
denoise_calendar_final,15,24,2.283135
denoise_calendar_final,15,25,2.277416
denoise_calendar_final,15,26,2.289683
denoise_calendar_final,15,27,2.276359
denoise_calendar_final,15,28,2.284553
denoise_calendar_final,15,29,2.291362
denoise_calendar_final,15,30,2.27808
denoise_calendar_final,16,1,2.33708
denoise_calendar_final,16,2,2.273042
denoise_calendar_final,16,3,2.307016
denoise_calendar_final,16,4,2.26545
denoise_calendar_final,16,5,2.294142
denoise_calendar_final,16,6,2.284427
denoise_calendar_final,16,7,2.292731
denoise_calendar_final,16,8,2.261718
denoise_calendar_final,16,9,2.274781
denoise_calendar_final,16,10,2.297985
denoise_calendar_final,16,11,2.269073
denoise_calendar_final,16,12,2.293208
denoise_calendar_final,16,13,2.28046
denoise_calendar_final,16,14,2.291089
denoise_calendar_final,16,15,2.269536
denoise_calendar_final,16,16,2.309735
denoise_calendar_final,16,17,2.270605
denoise_calendar_final,16,18,2.272093
denoise_calendar_final,16,19,2.294492
denoise_calendar_final,16,20,2.267537
denoise_calendar_final,16,21,2.275968
denoise_calendar_final,16,22,2.267058
denoise_calendar_final,16,23,2.30346
denoise_calendar_final,16,24,2.269495
denoise_calendar_final,16,25,2.311441
denoise_calendar_final,16,26,2.276055
denoise_calendar_final,16,27,2.296121
denoise_calendar_final,16,28,2.305713
denoise_calendar_final,16,29,2.301678
denoise_calendar_final,16,30,2.27131
