timestamp,executable,image,repetition,fast_ms,sort_ms,slow_ms,total_ms,status
2026-05-17T23:21:58+00:00,denoise_2_1,noise_1280.ppm,1,,,,19.652,ok
2026-05-17T23:21:58+00:00,denoise_2_1,noise_1280.ppm,2,,,,19.748,ok
2026-05-17T23:21:59+00:00,denoise_2_1,noise_1280.ppm,3,,,,19.705,ok
2026-05-17T23:21:59+00:00,denoise_2_1,noise_1280.ppm,4,,,,19.653,ok
2026-05-17T23:22:00+00:00,denoise_2_1,noise_1280.ppm,5,,,,19.651,ok
2026-05-17T23:22:00+00:00,denoise_2_1,noise_1280.ppm,6,,,,19.685,ok
2026-05-17T23:22:01+00:00,denoise_2_1,noise_1280.ppm,7,,,,19.737,ok
2026-05-17T23:22:01+00:00,denoise_2_1,noise_1280.ppm,8,,,,19.706,ok
2026-05-17T23:22:02+00:00,denoise_2_1,noise_1280.ppm,9,,,,19.750,ok
2026-05-17T23:22:02+00:00,denoise_2_1,noise_1280.ppm,10,,,,19.644,ok
2026-05-17T23:22:03+00:00,denoise_2_1,noise_1280.ppm,11,,,,19.675,ok
2026-05-17T23:22:03+00:00,denoise_2_1,noise_1280.ppm,12,,,,19.663,ok
2026-05-17T23:22:04+00:00,denoise_2_1,noise_1280.ppm,13,,,,19.711,ok
2026-05-17T23:22:04+00:00,denoise_2_1,noise_1280.ppm,14,,,,19.780,ok
2026-05-17T23:22:05+00:00,denoise_2_1,noise_1280.ppm,15,,,,19.790,ok
2026-05-17T23:22:05+00:00,denoise_2_1,noise_1280.ppm,16,,,,19.705,ok
2026-05-17T23:22:06+00:00,denoise_2_1,noise_1280.ppm,17,,,,19.682,ok
2026-05-17T23:22:06+00:00,denoise_2_1,noise_1280.ppm,18,,,,19.737,ok
2026-05-17T23:22:07+00:00,denoise_2_1,noise_1280.ppm,19,,,,19.815,ok
2026-05-17T23:22:07+00:00,denoise_2_1,noise_1280.ppm,20,,,,19.700,ok
2026-05-17T23:22:08+00:00,denoise_2_1,noise_1280.ppm,21,,,,19.652,ok
2026-05-17T23:22:08+00:00,denoise_2_1,noise_1280.ppm,22,,,,19.742,ok
2026-05-17T23:22:09+00:00,denoise_2_1,noise_1280.ppm,23,,,,19.683,ok
2026-05-17T23:22:09+00:00,denoise_2_1,noise_1280.ppm,24,,,,19.728,ok
2026-05-17T23:22:10+00:00,denoise_2_1,noise_1280.ppm,25,,,,19.650,ok
2026-05-17T23:22:10+00:00,denoise_2_1,noise_1280.ppm,26,,,,19.746,ok
2026-05-17T23:22:11+00:00,denoise_2_1,noise_1280.ppm,27,,,,19.738,ok
2026-05-17T23:22:11+00:00,denoise_2_1,noise_1280.ppm,28,,,,19.725,ok
2026-05-17T23:22:12+00:00,denoise_2_1,noise_1280.ppm,29,,,,19.653,ok
2026-05-17T23:22:13+00:00,denoise_2_1,noise_1280.ppm,30,,,,19.695,ok
2026-05-17T23:22:13+00:00,denoise_2_1,noise_1920.ppm,1,,,,44.285,ok
2026-05-17T23:22:14+00:00,denoise_2_1,noise_1920.ppm,2,,,,44.358,ok
2026-05-17T23:22:14+00:00,denoise_2_1,noise_1920.ppm,3,,,,44.338,ok
2026-05-17T23:22:15+00:00,denoise_2_1,noise_1920.ppm,4,,,,44.395,ok
2026-05-17T23:22:15+00:00,denoise_2_1,noise_1920.ppm,5,,,,44.319,ok
2026-05-17T23:22:16+00:00,denoise_2_1,noise_1920.ppm,6,,,,44.363,ok
2026-05-17T23:22:16+00:00,denoise_2_1,noise_1920.ppm,7,,,,44.369,ok
2026-05-17T23:22:17+00:00,denoise_2_1,noise_1920.ppm,8,,,,44.341,ok
2026-05-17T23:22:18+00:00,denoise_2_1,noise_1920.ppm,9,,,,44.419,ok
2026-05-17T23:22:18+00:00,denoise_2_1,noise_1920.ppm,10,,,,44.385,ok
2026-05-17T23:22:19+00:00,denoise_2_1,noise_1920.ppm,11,,,,44.382,ok
2026-05-17T23:22:19+00:00,denoise_2_1,noise_1920.ppm,12,,,,44.283,ok
2026-05-17T23:22:20+00:00,denoise_2_1,noise_1920.ppm,13,,,,44.308,ok
2026-05-17T23:22:20+00:00,denoise_2_1,noise_1920.ppm,14,,,,44.338,ok
2026-05-17T23:22:21+00:00,denoise_2_1,noise_1920.ppm,15,,,,44.387,ok
2026-05-17T23:22:21+00:00,denoise_2_1,noise_1920.ppm,16,,,,44.348,ok
2026-05-17T23:22:22+00:00,denoise_2_1,noise_1920.ppm,17,,,,44.326,ok
2026-05-17T23:22:23+00:00,denoise_2_1,noise_1920.ppm,18,,,,44.365,ok
2026-05-17T23:22:23+00:00,denoise_2_1,noise_1920.ppm,19,,,,44.387,ok
2026-05-17T23:22:24+00:00,denoise_2_1,noise_1920.ppm,20,,,,44.336,ok
2026-05-17T23:22:24+00:00,denoise_2_1,noise_1920.ppm,21,,,,44.434,ok
2026-05-17T23:22:25+00:00,denoise_2_1,noise_1920.ppm,22,,,,44.466,ok
2026-05-17T23:22:25+00:00,denoise_2_1,noise_1920.ppm,23,,,,44.310,ok
2026-05-17T23:22:26+00:00,denoise_2_1,noise_1920.ppm,24,,,,44.369,ok
2026-05-17T23:22:27+00:00,denoise_2_1,noise_1920.ppm,25,,,,44.505,ok
2026-05-17T23:22:27+00:00,denoise_2_1,noise_1920.ppm,26,,,,44.348,ok
2026-05-17T23:22:28+00:00,denoise_2_1,noise_1920.ppm,27,,,,44.434,ok
2026-05-17T23:22:28+00:00,denoise_2_1,noise_1920.ppm,28,,,,44.433,ok
2026-05-17T23:22:29+00:00,denoise_2_1,noise_1920.ppm,29,,,,44.347,ok
2026-05-17T23:22:29+00:00,denoise_2_1,noise_1920.ppm,30,,,,44.335,ok
2026-05-17T23:22:30+00:00,denoise_2_1,noise_2k.ppm,1,,,,62.850,ok
2026-05-17T23:22:31+00:00,denoise_2_1,noise_2k.ppm,2,,,,62.860,ok
2026-05-17T23:22:31+00:00,denoise_2_1,noise_2k.ppm,3,,,,62.822,ok
2026-05-17T23:22:32+00:00,denoise_2_1,noise_2k.ppm,4,,,,62.964,ok
2026-05-17T23:22:32+00:00,denoise_2_1,noise_2k.ppm,5,,,,62.907,ok
2026-05-17T23:22:33+00:00,denoise_2_1,noise_2k.ppm,6,,,,62.802,ok
2026-05-17T23:22:34+00:00,denoise_2_1,noise_2k.ppm,7,,,,62.889,ok
2026-05-17T23:22:34+00:00,denoise_2_1,noise_2k.ppm,8,,,,62.870,ok
2026-05-17T23:22:35+00:00,denoise_2_1,noise_2k.ppm,9,,,,62.910,ok
2026-05-17T23:22:35+00:00,denoise_2_1,noise_2k.ppm,10,,,,62.895,ok
2026-05-17T23:22:36+00:00,denoise_2_1,noise_2k.ppm,11,,,,62.883,ok
2026-05-17T23:22:36+00:00,denoise_2_1,noise_2k.ppm,12,,,,62.888,ok
2026-05-17T23:22:37+00:00,denoise_2_1,noise_2k.ppm,13,,,,62.983,ok
2026-05-17T23:22:38+00:00,denoise_2_1,noise_2k.ppm,14,,,,62.899,ok
2026-05-17T23:22:38+00:00,denoise_2_1,noise_2k.ppm,15,,,,62.842,ok
2026-05-17T23:22:39+00:00,denoise_2_1,noise_2k.ppm,16,,,,62.865,ok
2026-05-17T23:22:40+00:00,denoise_2_1,noise_2k.ppm,17,,,,62.883,ok
2026-05-17T23:22:40+00:00,denoise_2_1,noise_2k.ppm,18,,,,62.836,ok
2026-05-17T23:22:41+00:00,denoise_2_1,noise_2k.ppm,19,,,,62.863,ok
2026-05-17T23:22:41+00:00,denoise_2_1,noise_2k.ppm,20,,,,62.825,ok
2026-05-17T23:22:42+00:00,denoise_2_1,noise_2k.ppm,21,,,,62.914,ok
2026-05-17T23:22:43+00:00,denoise_2_1,noise_2k.ppm,22,,,,62.849,ok
2026-05-17T23:22:43+00:00,denoise_2_1,noise_2k.ppm,23,,,,62.890,ok
2026-05-17T23:22:44+00:00,denoise_2_1,noise_2k.ppm,24,,,,63.014,ok
2026-05-17T23:22:44+00:00,denoise_2_1,noise_2k.ppm,25,,,,62.886,ok
2026-05-17T23:22:45+00:00,denoise_2_1,noise_2k.ppm,26,,,,62.763,ok
2026-05-17T23:22:46+00:00,denoise_2_1,noise_2k.ppm,27,,,,62.855,ok
2026-05-17T23:22:46+00:00,denoise_2_1,noise_2k.ppm,28,,,,62.856,ok
2026-05-17T23:22:47+00:00,denoise_2_1,noise_2k.ppm,29,,,,62.831,ok
2026-05-17T23:22:47+00:00,denoise_2_1,noise_2k.ppm,30,,,,62.856,ok
2026-05-17T23:22:49+00:00,denoise_2_1,noise_5k.ppm,1,,,,318.625,ok
2026-05-17T23:22:50+00:00,denoise_2_1,noise_5k.ppm,2,,,,318.522,ok
2026-05-17T23:22:51+00:00,denoise_2_1,noise_5k.ppm,3,,,,318.508,ok
2026-05-17T23:22:52+00:00,denoise_2_1,noise_5k.ppm,4,,,,318.521,ok
2026-05-17T23:22:53+00:00,denoise_2_1,noise_5k.ppm,5,,,,318.489,ok
2026-05-17T23:22:54+00:00,denoise_2_1,noise_5k.ppm,6,,,,318.586,ok
2026-05-17T23:22:55+00:00,denoise_2_1,noise_5k.ppm,7,,,,318.461,ok
2026-05-17T23:22:56+00:00,denoise_2_1,noise_5k.ppm,8,,,,318.479,ok
2026-05-17T23:22:57+00:00,denoise_2_1,noise_5k.ppm,9,,,,318.681,ok
2026-05-17T23:22:58+00:00,denoise_2_1,noise_5k.ppm,10,,,,318.542,ok
2026-05-17T23:22:59+00:00,denoise_2_1,noise_5k.ppm,11,,,,318.518,ok
2026-05-17T23:23:00+00:00,denoise_2_1,noise_5k.ppm,12,,,,318.528,ok
2026-05-17T23:23:01+00:00,denoise_2_1,noise_5k.ppm,13,,,,318.604,ok
2026-05-17T23:23:02+00:00,denoise_2_1,noise_5k.ppm,14,,,,318.586,ok
2026-05-17T23:23:03+00:00,denoise_2_1,noise_5k.ppm,15,,,,318.568,ok
2026-05-17T23:23:05+00:00,denoise_2_1,noise_5k.ppm,16,,,,318.514,ok
2026-05-17T23:23:06+00:00,denoise_2_1,noise_5k.ppm,17,,,,318.534,ok
2026-05-17T23:23:07+00:00,denoise_2_1,noise_5k.ppm,18,,,,318.605,ok
2026-05-17T23:23:08+00:00,denoise_2_1,noise_5k.ppm,19,,,,318.561,ok
2026-05-17T23:23:09+00:00,denoise_2_1,noise_5k.ppm,20,,,,318.601,ok
2026-05-17T23:23:10+00:00,denoise_2_1,noise_5k.ppm,21,,,,318.558,ok
2026-05-17T23:23:11+00:00,denoise_2_1,noise_5k.ppm,22,,,,318.571,ok
2026-05-17T23:23:12+00:00,denoise_2_1,noise_5k.ppm,23,,,,318.486,ok
2026-05-17T23:23:13+00:00,denoise_2_1,noise_5k.ppm,24,,,,318.496,ok
2026-05-17T23:23:14+00:00,denoise_2_1,noise_5k.ppm,25,,,,318.479,ok
2026-05-17T23:23:15+00:00,denoise_2_1,noise_5k.ppm,26,,,,318.474,ok
2026-05-17T23:23:16+00:00,denoise_2_1,noise_5k.ppm,27,,,,318.550,ok
2026-05-17T23:23:17+00:00,denoise_2_1,noise_5k.ppm,28,,,,318.618,ok
2026-05-17T23:23:18+00:00,denoise_2_1,noise_5k.ppm,29,,,,318.514,ok
2026-05-17T23:23:19+00:00,denoise_2_1,noise_5k.ppm,30,,,,318.499,ok
2026-05-17T23:23:20+00:00,denoise_2_1,noise_640.ppm,1,,,,5.170,ok
2026-05-17T23:23:20+00:00,denoise_2_1,noise_640.ppm,2,,,,5.196,ok
2026-05-17T23:23:21+00:00,denoise_2_1,noise_640.ppm,3,,,,5.223,ok
2026-05-17T23:23:21+00:00,denoise_2_1,noise_640.ppm,4,,,,5.145,ok
2026-05-17T23:23:22+00:00,denoise_2_1,noise_640.ppm,5,,,,5.150,ok
2026-05-17T23:23:22+00:00,denoise_2_1,noise_640.ppm,6,,,,5.312,ok
2026-05-17T23:23:23+00:00,denoise_2_1,noise_640.ppm,7,,,,5.191,ok
2026-05-17T23:23:23+00:00,denoise_2_1,noise_640.ppm,8,,,,5.174,ok
2026-05-17T23:23:24+00:00,denoise_2_1,noise_640.ppm,9,,,,5.169,ok
2026-05-17T23:23:24+00:00,denoise_2_1,noise_640.ppm,10,,,,5.166,ok
2026-05-17T23:23:25+00:00,denoise_2_1,noise_640.ppm,11,,,,5.123,ok
2026-05-17T23:23:25+00:00,denoise_2_1,noise_640.ppm,12,,,,5.153,ok
2026-05-17T23:23:26+00:00,denoise_2_1,noise_640.ppm,13,,,,5.244,ok
2026-05-17T23:23:26+00:00,denoise_2_1,noise_640.ppm,14,,,,5.264,ok
2026-05-17T23:23:27+00:00,denoise_2_1,noise_640.ppm,15,,,,5.119,ok
2026-05-17T23:23:27+00:00,denoise_2_1,noise_640.ppm,16,,,,5.207,ok
2026-05-17T23:23:28+00:00,denoise_2_1,noise_640.ppm,17,,,,5.230,ok
2026-05-17T23:23:28+00:00,denoise_2_1,noise_640.ppm,18,,,,5.251,ok
2026-05-17T23:23:29+00:00,denoise_2_1,noise_640.ppm,19,,,,5.309,ok
2026-05-17T23:23:29+00:00,denoise_2_1,noise_640.ppm,20,,,,5.212,ok
2026-05-17T23:23:30+00:00,denoise_2_1,noise_640.ppm,21,,,,5.213,ok
2026-05-17T23:23:30+00:00,denoise_2_1,noise_640.ppm,22,,,,5.219,ok
2026-05-17T23:23:31+00:00,denoise_2_1,noise_640.ppm,23,,,,5.291,ok
2026-05-17T23:23:31+00:00,denoise_2_1,noise_640.ppm,24,,,,5.206,ok
2026-05-17T23:23:32+00:00,denoise_2_1,noise_640.ppm,25,,,,5.192,ok
2026-05-17T23:23:32+00:00,denoise_2_1,noise_640.ppm,26,,,,5.121,ok
2026-05-17T23:23:32+00:00,denoise_2_1,noise_640.ppm,27,,,,5.158,ok
2026-05-17T23:23:33+00:00,denoise_2_1,noise_640.ppm,28,,,,5.306,ok
2026-05-17T23:23:33+00:00,denoise_2_1,noise_640.ppm,29,,,,5.196,ok
2026-05-17T23:23:34+00:00,denoise_2_1,noise_640.ppm,30,,,,5.160,ok
2026-05-19T14:45:22+00:00,denoise_2_1,noise_1280.ppm,1,,,,18.309,ok
2026-05-19T14:45:23+00:00,denoise_2_1,noise_1280.ppm,2,,,,18.357,ok
2026-05-19T14:45:23+00:00,denoise_2_1,noise_1280.ppm,3,,,,18.344,ok
2026-05-19T14:45:24+00:00,denoise_2_1,noise_1280.ppm,4,,,,18.280,ok
2026-05-19T14:45:24+00:00,denoise_2_1,noise_1280.ppm,5,,,,18.306,ok
2026-05-19T14:45:25+00:00,denoise_2_1,noise_1280.ppm,6,,,,18.288,ok
2026-05-19T14:45:25+00:00,denoise_2_1,noise_1280.ppm,7,,,,18.297,ok
2026-05-19T14:45:26+00:00,denoise_2_1,noise_1280.ppm,8,,,,18.289,ok
2026-05-19T14:45:26+00:00,denoise_2_1,noise_1280.ppm,9,,,,18.351,ok
2026-05-19T14:45:27+00:00,denoise_2_1,noise_1280.ppm,10,,,,18.311,ok
2026-05-19T14:45:27+00:00,denoise_2_1,noise_1280.ppm,11,,,,18.353,ok
2026-05-19T14:45:28+00:00,denoise_2_1,noise_1280.ppm,12,,,,18.373,ok
2026-05-19T14:45:28+00:00,denoise_2_1,noise_1280.ppm,13,,,,18.313,ok
2026-05-19T14:45:29+00:00,denoise_2_1,noise_1280.ppm,14,,,,18.342,ok
2026-05-19T14:45:29+00:00,denoise_2_1,noise_1280.ppm,15,,,,18.300,ok
2026-05-19T14:45:30+00:00,denoise_2_1,noise_1280.ppm,16,,,,18.377,ok
2026-05-19T14:45:30+00:00,denoise_2_1,noise_1280.ppm,17,,,,18.366,ok
2026-05-19T14:45:31+00:00,denoise_2_1,noise_1280.ppm,18,,,,18.285,ok
2026-05-19T14:45:31+00:00,denoise_2_1,noise_1280.ppm,19,,,,18.301,ok
2026-05-19T14:45:32+00:00,denoise_2_1,noise_1280.ppm,20,,,,18.265,ok
2026-05-19T14:45:32+00:00,denoise_2_1,noise_1280.ppm,21,,,,18.320,ok
2026-05-19T14:45:33+00:00,denoise_2_1,noise_1280.ppm,22,,,,18.286,ok
2026-05-19T14:45:33+00:00,denoise_2_1,noise_1280.ppm,23,,,,18.308,ok
2026-05-19T14:45:34+00:00,denoise_2_1,noise_1280.ppm,24,,,,18.276,ok
2026-05-19T14:45:34+00:00,denoise_2_1,noise_1280.ppm,25,,,,18.265,ok
2026-05-19T14:45:35+00:00,denoise_2_1,noise_1280.ppm,26,,,,18.302,ok
2026-05-19T14:45:35+00:00,denoise_2_1,noise_1280.ppm,27,,,,18.297,ok
2026-05-19T14:45:36+00:00,denoise_2_1,noise_1280.ppm,28,,,,18.327,ok
2026-05-19T14:45:36+00:00,denoise_2_1,noise_1280.ppm,29,,,,18.286,ok
2026-05-19T14:45:37+00:00,denoise_2_1,noise_1280.ppm,30,,,,18.470,ok
2026-05-19T14:45:37+00:00,denoise_2_1,noise_1920.ppm,1,,,,41.245,ok
2026-05-19T14:45:38+00:00,denoise_2_1,noise_1920.ppm,2,,,,41.303,ok
2026-05-19T14:45:39+00:00,denoise_2_1,noise_1920.ppm,3,,,,41.308,ok
2026-05-19T14:45:39+00:00,denoise_2_1,noise_1920.ppm,4,,,,41.297,ok
2026-05-19T14:45:40+00:00,denoise_2_1,noise_1920.ppm,5,,,,41.291,ok
2026-05-19T14:45:40+00:00,denoise_2_1,noise_1920.ppm,6,,,,41.287,ok
2026-05-19T14:45:41+00:00,denoise_2_1,noise_1920.ppm,7,,,,41.281,ok
2026-05-19T14:45:41+00:00,denoise_2_1,noise_1920.ppm,8,,,,41.345,ok
2026-05-19T14:45:42+00:00,denoise_2_1,noise_1920.ppm,9,,,,41.345,ok
2026-05-19T14:45:42+00:00,denoise_2_1,noise_1920.ppm,10,,,,41.282,ok
2026-05-19T14:45:43+00:00,denoise_2_1,noise_1920.ppm,11,,,,41.283,ok
2026-05-19T14:45:44+00:00,denoise_2_1,noise_1920.ppm,12,,,,41.272,ok
2026-05-19T14:45:44+00:00,denoise_2_1,noise_1920.ppm,13,,,,41.281,ok
2026-05-19T14:45:45+00:00,denoise_2_1,noise_1920.ppm,14,,,,41.277,ok
2026-05-19T14:45:45+00:00,denoise_2_1,noise_1920.ppm,15,,,,41.278,ok
2026-05-19T14:45:46+00:00,denoise_2_1,noise_1920.ppm,16,,,,41.346,ok
2026-05-19T14:45:47+00:00,denoise_2_1,noise_1920.ppm,17,,,,41.295,ok
2026-05-19T14:45:47+00:00,denoise_2_1,noise_1920.ppm,18,,,,41.312,ok
2026-05-19T14:45:48+00:00,denoise_2_1,noise_1920.ppm,19,,,,41.272,ok
2026-05-19T14:45:48+00:00,denoise_2_1,noise_1920.ppm,20,,,,51.817,ok
2026-05-19T14:45:49+00:00,denoise_2_1,noise_1920.ppm,21,,,,67.929,ok
2026-05-19T14:45:49+00:00,denoise_2_1,noise_1920.ppm,22,,,,61.524,ok
2026-05-19T14:45:50+00:00,denoise_2_1,noise_1920.ppm,23,,,,41.348,ok
2026-05-19T14:45:51+00:00,denoise_2_1,noise_1920.ppm,24,,,,62.793,ok
2026-05-19T14:45:51+00:00,denoise_2_1,noise_1920.ppm,25,,,,44.703,ok
2026-05-19T14:45:52+00:00,denoise_2_1,noise_1920.ppm,26,,,,41.271,ok
2026-05-19T14:45:52+00:00,denoise_2_1,noise_1920.ppm,27,,,,41.247,ok
2026-05-19T14:45:53+00:00,denoise_2_1,noise_1920.ppm,28,,,,41.279,ok
2026-05-19T14:45:53+00:00,denoise_2_1,noise_1920.ppm,29,,,,41.301,ok
2026-05-19T14:45:54+00:00,denoise_2_1,noise_1920.ppm,30,,,,41.320,ok
2026-05-19T14:45:55+00:00,denoise_2_1,noise_2k.ppm,1,,,,58.472,ok
2026-05-19T14:45:55+00:00,denoise_2_1,noise_2k.ppm,2,,,,58.531,ok
2026-05-19T14:45:56+00:00,denoise_2_1,noise_2k.ppm,3,,,,58.425,ok
2026-05-19T14:45:57+00:00,denoise_2_1,noise_2k.ppm,4,,,,58.457,ok
2026-05-19T14:45:57+00:00,denoise_2_1,noise_2k.ppm,5,,,,58.532,ok
2026-05-19T14:45:58+00:00,denoise_2_1,noise_2k.ppm,6,,,,58.460,ok
2026-05-19T14:45:59+00:00,denoise_2_1,noise_2k.ppm,7,,,,58.403,ok
2026-05-19T14:45:59+00:00,denoise_2_1,noise_2k.ppm,8,,,,58.483,ok
2026-05-19T14:46:00+00:00,denoise_2_1,noise_2k.ppm,9,,,,58.552,ok
2026-05-19T14:46:01+00:00,denoise_2_1,noise_2k.ppm,10,,,,58.476,ok
2026-05-19T14:46:01+00:00,denoise_2_1,noise_2k.ppm,11,,,,58.468,ok
2026-05-19T14:46:02+00:00,denoise_2_1,noise_2k.ppm,12,,,,58.483,ok
2026-05-19T14:46:03+00:00,denoise_2_1,noise_2k.ppm,13,,,,58.460,ok
2026-05-19T14:46:03+00:00,denoise_2_1,noise_2k.ppm,14,,,,58.421,ok
2026-05-19T14:46:04+00:00,denoise_2_1,noise_2k.ppm,15,,,,58.456,ok
2026-05-19T14:46:04+00:00,denoise_2_1,noise_2k.ppm,16,,,,58.470,ok
2026-05-19T14:46:05+00:00,denoise_2_1,noise_2k.ppm,17,,,,58.500,ok
2026-05-19T14:46:06+00:00,denoise_2_1,noise_2k.ppm,18,,,,58.643,ok
2026-05-19T14:46:06+00:00,denoise_2_1,noise_2k.ppm,19,,,,58.597,ok
2026-05-19T14:46:07+00:00,denoise_2_1,noise_2k.ppm,20,,,,58.492,ok
2026-05-19T14:46:07+00:00,denoise_2_1,noise_2k.ppm,21,,,,58.503,ok
2026-05-19T14:46:08+00:00,denoise_2_1,noise_2k.ppm,22,,,,58.535,ok
2026-05-19T14:46:09+00:00,denoise_2_1,noise_2k.ppm,23,,,,58.512,ok
2026-05-19T14:46:09+00:00,denoise_2_1,noise_2k.ppm,24,,,,58.480,ok
2026-05-19T14:46:10+00:00,denoise_2_1,noise_2k.ppm,25,,,,58.462,ok
2026-05-19T14:46:10+00:00,denoise_2_1,noise_2k.ppm,26,,,,58.447,ok
2026-05-19T14:46:11+00:00,denoise_2_1,noise_2k.ppm,27,,,,58.414,ok
2026-05-19T14:46:11+00:00,denoise_2_1,noise_2k.ppm,28,,,,58.521,ok
2026-05-19T14:46:12+00:00,denoise_2_1,noise_2k.ppm,29,,,,58.533,ok
2026-05-19T14:46:13+00:00,denoise_2_1,noise_2k.ppm,30,,,,58.446,ok
2026-05-19T14:46:14+00:00,denoise_2_1,noise_5k.ppm,1,,,,296.677,ok
2026-05-19T14:46:15+00:00,denoise_2_1,noise_5k.ppm,2,,,,296.659,ok
2026-05-19T14:46:16+00:00,denoise_2_1,noise_5k.ppm,3,,,,296.582,ok
2026-05-19T14:46:17+00:00,denoise_2_1,noise_5k.ppm,4,,,,296.553,ok
2026-05-19T14:46:18+00:00,denoise_2_1,noise_5k.ppm,5,,,,296.584,ok
2026-05-19T14:46:19+00:00,denoise_2_1,noise_5k.ppm,6,,,,296.671,ok
2026-05-19T14:46:20+00:00,denoise_2_1,noise_5k.ppm,7,,,,296.635,ok
2026-05-19T14:46:21+00:00,denoise_2_1,noise_5k.ppm,8,,,,296.611,ok
2026-05-19T14:46:22+00:00,denoise_2_1,noise_5k.ppm,9,,,,296.470,ok
2026-05-19T14:46:23+00:00,denoise_2_1,noise_5k.ppm,10,,,,296.681,ok
2026-05-19T14:46:24+00:00,denoise_2_1,noise_5k.ppm,11,,,,296.504,ok
2026-05-19T14:46:25+00:00,denoise_2_1,noise_5k.ppm,12,,,,296.645,ok
2026-05-19T14:46:26+00:00,denoise_2_1,noise_5k.ppm,13,,,,296.628,ok
2026-05-19T14:46:27+00:00,denoise_2_1,noise_5k.ppm,14,,,,296.588,ok
2026-05-19T14:46:28+00:00,denoise_2_1,noise_5k.ppm,15,,,,296.573,ok
2026-05-19T14:46:30+00:00,denoise_2_1,noise_5k.ppm,16,,,,296.533,ok
2026-05-19T14:46:31+00:00,denoise_2_1,noise_5k.ppm,17,,,,296.589,ok
2026-05-19T14:46:32+00:00,denoise_2_1,noise_5k.ppm,18,,,,296.568,ok
2026-05-19T14:46:33+00:00,denoise_2_1,noise_5k.ppm,19,,,,296.670,ok
2026-05-19T14:46:34+00:00,denoise_2_1,noise_5k.ppm,20,,,,296.524,ok
2026-05-19T14:46:35+00:00,denoise_2_1,noise_5k.ppm,21,,,,296.541,ok
2026-05-19T14:46:36+00:00,denoise_2_1,noise_5k.ppm,22,,,,296.592,ok
2026-05-19T14:46:37+00:00,denoise_2_1,noise_5k.ppm,23,,,,296.611,ok
2026-05-19T14:46:38+00:00,denoise_2_1,noise_5k.ppm,24,,,,296.606,ok
2026-05-19T14:46:39+00:00,denoise_2_1,noise_5k.ppm,25,,,,296.611,ok
2026-05-19T14:46:40+00:00,denoise_2_1,noise_5k.ppm,26,,,,296.563,ok
2026-05-19T14:46:41+00:00,denoise_2_1,noise_5k.ppm,27,,,,296.640,ok
2026-05-19T14:46:42+00:00,denoise_2_1,noise_5k.ppm,28,,,,296.586,ok
2026-05-19T14:46:43+00:00,denoise_2_1,noise_5k.ppm,29,,,,296.634,ok
2026-05-19T14:46:44+00:00,denoise_2_1,noise_5k.ppm,30,,,,296.518,ok
2026-05-19T14:46:45+00:00,denoise_2_1,noise_640.ppm,1,,,,4.866,ok
2026-05-19T14:46:45+00:00,denoise_2_1,noise_640.ppm,2,,,,4.771,ok
2026-05-19T14:46:46+00:00,denoise_2_1,noise_640.ppm,3,,,,4.807,ok
2026-05-19T14:46:46+00:00,denoise_2_1,noise_640.ppm,4,,,,4.786,ok
2026-05-19T14:46:47+00:00,denoise_2_1,noise_640.ppm,5,,,,4.966,ok
2026-05-19T14:46:47+00:00,denoise_2_1,noise_640.ppm,6,,,,4.830,ok
2026-05-19T14:46:47+00:00,denoise_2_1,noise_640.ppm,7,,,,4.880,ok
2026-05-19T14:46:48+00:00,denoise_2_1,noise_640.ppm,8,,,,4.788,ok
2026-05-19T14:46:48+00:00,denoise_2_1,noise_640.ppm,9,,,,4.882,ok
2026-05-19T14:46:49+00:00,denoise_2_1,noise_640.ppm,10,,,,4.858,ok
2026-05-19T14:46:49+00:00,denoise_2_1,noise_640.ppm,11,,,,4.881,ok
2026-05-19T14:46:50+00:00,denoise_2_1,noise_640.ppm,12,,,,4.822,ok
2026-05-19T14:46:50+00:00,denoise_2_1,noise_640.ppm,13,,,,4.834,ok
2026-05-19T14:46:51+00:00,denoise_2_1,noise_640.ppm,14,,,,4.906,ok
2026-05-19T14:46:51+00:00,denoise_2_1,noise_640.ppm,15,,,,4.827,ok
2026-05-19T14:46:52+00:00,denoise_2_1,noise_640.ppm,16,,,,4.806,ok
2026-05-19T14:46:52+00:00,denoise_2_1,noise_640.ppm,17,,,,4.845,ok
2026-05-19T14:46:53+00:00,denoise_2_1,noise_640.ppm,18,,,,4.867,ok
2026-05-19T14:46:53+00:00,denoise_2_1,noise_640.ppm,19,,,,4.827,ok
2026-05-19T14:46:54+00:00,denoise_2_1,noise_640.ppm,20,,,,4.827,ok
2026-05-19T14:46:54+00:00,denoise_2_1,noise_640.ppm,21,,,,4.809,ok
2026-05-19T14:46:55+00:00,denoise_2_1,noise_640.ppm,22,,,,4.906,ok
2026-05-19T14:46:55+00:00,denoise_2_1,noise_640.ppm,23,,,,4.829,ok
2026-05-19T14:46:56+00:00,denoise_2_1,noise_640.ppm,24,,,,4.774,ok
2026-05-19T14:46:56+00:00,denoise_2_1,noise_640.ppm,25,,,,4.795,ok
2026-05-19T14:46:57+00:00,denoise_2_1,noise_640.ppm,26,,,,4.836,ok
2026-05-19T14:46:57+00:00,denoise_2_1,noise_640.ppm,27,,,,4.933,ok
2026-05-19T14:46:58+00:00,denoise_2_1,noise_640.ppm,28,,,,4.800,ok
2026-05-19T14:46:58+00:00,denoise_2_1,noise_640.ppm,29,,,,4.917,ok
2026-05-19T14:46:59+00:00,denoise_2_1,noise_640.ppm,30,,,,4.827,ok
